Acc_x_1,Acc_y_1,Acc_z_1,Gyr_x_1,Gyr_y_1,Gyr_z_1,Acc_x_2,Acc_y_2,Acc_z_2,Gyr_x_2,Gyr_y_2,Gyr_z_2,Class
-0.87,0.27,1.66,16,-25.9,-2.43,0.04,-0.95,1.66,-9.63,66.38,32.17,0
-0.88,0.27,1.66,15.1,-26.03,-2.73,0.03,-0.95,1.66,-9.71,66.63,32.99,0
-0.87,0.27,1.66,13.95,-26.38,-3.21,0.03,-0.95,1.65,-10.37,67.92,32.59,0
-0.88,0.26,1.65,8.52,-26.34,-4.25,0.02,-0.94,1.66,-7.91,67.28,32.31,0
-0.87,0.26,1.65,15.81,-26.63,-2.95,0.02,-0.94,1.65,-9.7,67.92,32.21,0
-0.87,0.26,1.64,14.91,-26.25,-3.04,0.02,-0.93,1.65,-11.89,70.49,32.81,0
-0.87,0.25,1.64,16.13,-26.73,-2.76,0.03,-0.95,1.67,-9.09,66.57,33.04,0
-0.87,0.25,1.64,15.29,-26.57,-3.08,0.02,-0.94,1.67,-8.61,65.75,32.74,0
-0.87,0.25,1.64,15.83,-26.51,-3.02,0.02,-0.94,1.65,-9.55,65.77,32.58,0
-0.87,0.24,1.64,17.14,-26.7,-2.68,0.02,-0.94,1.66,-9.46,68.01,32.4,0
-0.87,0.25,1.64,16.12,-26.65,-2.92,0.02,-0.93,1.66,-9.84,66.6,32.68,0
-0.87,0.25,1.64,16.37,-26.57,-2.69,0.03,-0.94,1.66,-10.06,66.23,32.88,0
-0.87,0.25,1.64,16.02,-26.75,-2.97,0.03,-0.93,1.67,-10.21,71.16,32.71,0
-0.87,0.25,1.64,16.23,-26.47,-2.96,0.03,-0.93,1.65,-10.26,66.74,33.08,0
-0.87,0.25,1.64,16.46,-26.44,-2.91,0.03,-0.94,1.67,-8.81,67.33,32.88,0
-0.87,0.25,1.64,16.28,-26.54,-2.89,0.04,-0.94,1.66,-7.99,67.47,32.51,0
-0.87,0.25,1.64,16.74,-26.47,-2.8,0.03,-0.94,1.67,-8.98,65.15,32.58,0
-0.87,0.25,1.64,16.46,-26.41,-2.79,0.02,-0.94,1.66,-8.1,67.71,32.48,0
-0.87,0.25,1.64,16.2,-26.53,-2.94,0.02,-0.93,1.65,-9.83,66.48,32.14,0
-0.87,0.25,1.64,16.65,-26.7,-2.92,0.01,-0.94,1.67,-9.54,68.34,32.46,0
-0.87,0.25,1.64,17.22,-26.77,-2.24,0.01,-0.94,1.66,-10.28,67.23,32.05,0
-0.87,0.25,1.64,16.49,-26.52,-2.86,0.01,-0.94,1.66,-10.37,67.04,32.34,0
-0.87,0.25,1.64,14.07,-26.83,-3.18,0.01,-0.94,1.65,-8.79,66.39,32.73,0
-0.87,0.23,1.62,10.63,-26.11,-2.66,0.01,-0.93,1.67,-4.64,67.03,33.99,0
-0.87,0.24,1.65,4.78,-24.91,-4.57,0.05,-0.92,1.66,-12.11,63.09,34.21,0
-0.88,0.25,1.62,0.41,-26.25,-2.9,0.01,-0.94,1.66,-11.76,65.18,32.43,0
-0.87,0.24,1.59,20.5,-26.09,-1.85,0.02,-0.94,1.66,-10.07,67.28,32.63,0
-0.9,0.23,1.62,17.35,-25.41,-2.69,0.06,-0.94,1.67,-9.18,66.6,32.89,0
-0.89,0.22,1.61,15.78,-27.6,-3.23,0.02,-0.94,1.65,-9,65.86,33.16,0
-0.88,0.22,1.6,15.35,-26.44,-3.56,0.04,-0.93,1.67,-6.77,67.36,32.65,0
-0.88,0.22,1.6,15.9,-26.75,-3.22,0.03,-0.93,1.66,-9.12,67.6,32.21,0
-0.88,0.22,1.61,17.94,-26.92,-3.53,0.03,-0.93,1.66,-8.23,67.35,31.6,0
-0.88,0.22,1.6,16.42,-27.6,-3.07,0.02,-0.93,1.66,-9.44,67.02,31.91,0
-0.88,0.21,1.6,15.82,-27.94,-3.47,0.02,-0.93,1.66,-9.91,67.65,32.64,0
-0.87,0.21,1.6,16.6,-27.25,-3.07,0.03,-0.92,1.67,-7.75,66.12,32.89,0
-0.87,0.21,1.6,16,-26.32,-2.98,0.03,-0.92,1.65,-9.57,67.97,33.05,0
-0.88,0.21,1.6,14.9,-26.89,-2.82,0.02,-0.93,1.66,-8.72,63.03,33.21,0
-0.87,0.21,1.59,16.45,-26.27,-3.05,0.04,-0.92,1.66,-11.09,65.88,33.03,0
-0.88,0.21,1.6,15.69,-26.41,-3.15,0.03,-0.93,1.66,-11.05,66.4,33.24,0
-0.87,0.21,1.59,15.59,-26.49,-2.95,0.04,-0.93,1.67,-11.05,70.1,32.54,0
-0.88,0.21,1.59,16.47,-26.47,-2.87,0.04,-0.93,1.67,-8.89,66.79,32.88,0
-0.88,0.21,1.59,16.52,-26.43,-2.98,0.04,-0.93,1.67,-7.41,68.7,32.67,0
-0.87,0.21,1.59,16.61,-26.81,-3.14,0.04,-0.91,1.68,-7.87,69.8,32.14,0
-0.87,0.21,1.6,16.42,-27.48,-3.02,0.03,-0.92,1.66,-10.37,67.56,31.81,0
-0.87,0.21,1.6,16.53,-26.79,-3.01,0.03,-0.93,1.66,-8.93,66.8,32.51,0
-0.88,0.21,1.6,16.58,-27.05,-2.68,0.02,-0.94,1.65,-9.24,65.87,33.27,0
-0.87,0.21,1.6,16.48,-26.49,-2.92,0.03,-0.92,1.66,-8.93,66.67,33.08,0
-0.88,0.21,1.6,14.46,-26.39,-2.67,0.01,-0.93,1.65,-12.81,64.34,33.37,0
-0.87,0.2,1.59,16.78,-26.93,-3.07,0.02,-0.92,1.67,-10.29,67.7,32.54,0
-0.88,0.21,1.59,16.53,-26.65,-2.95,0.04,-0.93,1.66,-11.58,65.66,32.93,0
-0.88,0.21,1.6,17,-26.28,-2.68,0.04,-0.93,1.67,-8.9,66.3,32.9,0
-0.88,0.21,1.59,16.26,-26.51,-2.9,0.04,-0.93,1.68,-6.61,66.75,32.91,0
-0.88,0.21,1.59,16.2,-26.5,-2.98,0.03,-0.93,1.67,-7.88,65.9,32.88,0
-0.88,0.21,1.59,15.84,-27.22,-3.27,0.04,-0.93,1.66,-8.89,67.05,32.71,0
-0.88,0.21,1.59,15.26,-26.78,-3.19,0.03,-0.92,1.64,-13.33,69.86,32.24,0
-0.88,0.28,1.58,25.95,-24.51,3.37,0.01,-0.92,1.66,-7.72,66.22,32.13,0
-0.89,0.21,1.6,10.53,-27.28,-5.32,0.02,-0.92,1.65,-9.52,68.45,32.33,0
-0.88,0.2,1.58,15.75,-26.7,-3.21,0.03,-0.92,1.65,-13.28,69.98,32.71,0
-0.88,0.2,1.58,16.16,-25.57,-3.19,0.03,-0.92,1.67,-8.09,64.13,32.94,0
-0.88,0.2,1.58,16.54,-25.95,-2.89,0.03,-0.92,1.66,-8.74,68.01,33.58,0
-0.88,0.2,1.58,16.02,-26.42,-2.8,0.03,-0.92,1.65,-15.63,67.85,33.39,0
-0.88,0.2,1.58,16.11,-26.21,-3.22,0.03,-0.92,1.67,-9.73,63.55,32.78,0
-0.88,0.2,1.58,16.43,-27.39,-3.03,0.04,-0.93,1.66,-10.7,66.42,32.81,0
-0.88,0.2,1.58,15.84,-27.08,-3.26,0.05,-0.93,1.66,-11.04,67.28,32.84,0
-0.88,0.19,1.58,16.9,-26.35,-2.84,0.05,-0.93,1.67,-9.6,66.35,32.98,0
-0.88,0.2,1.58,16.37,-26.78,-2.91,0.05,-0.93,1.67,-7.79,66.86,32.71,0
-0.88,0.19,1.58,16.41,-26.52,-2.96,0.05,-0.93,1.67,-9.03,67.12,32.66,0
-0.88,0.19,1.58,16.42,-27.13,-3.05,0.05,-0.92,1.66,-11.05,67.78,32.45,0
-0.88,0.2,1.58,16.37,-26.54,-3.08,0.04,-0.92,1.66,-8.5,66.76,32.49,0
-0.88,0.19,1.58,15.85,-26.4,-3.27,0.04,-0.91,1.66,-8.24,68.23,32.68,0
-0.88,0.19,1.58,15.82,-27.08,-2.81,0.04,-0.92,1.65,-10.29,69.41,32.01,0
-0.88,0.19,1.58,16.39,-26.04,-2.9,0.03,-0.92,1.65,-11.24,67,32.23,0
-0.88,0.19,1.58,16.36,-26.18,-2.96,0.03,-0.92,1.67,-9.13,67.4,32.58,0
-0.87,0.19,1.58,16.29,-26.09,-3,0.03,-0.91,1.67,-8.04,69.3,32.9,0
-0.88,0.19,1.58,16.21,-26.28,-3.08,0.03,-0.92,1.65,-10.31,65.4,32.55,0
-0.88,0.19,1.58,16.38,-26.07,-2.85,0.03,-0.91,1.66,-8.67,67.66,33.36,0
-0.88,0.19,1.58,15.69,-25.91,-2.84,0.03,-0.92,1.63,-15.62,67.34,33.19,0
-0.88,0.19,1.58,16.11,-26.58,-2.93,0.04,-0.92,1.67,-9.5,64.46,32.86,0
-0.88,0.19,1.57,16.41,-26.73,-3.01,0.04,-0.92,1.66,-10.85,65.86,32.74,0
-0.88,0.19,1.58,16.68,-26.25,-2.89,0.05,-0.93,1.67,-9.83,67.99,33,0
-0.88,0.19,1.57,16.45,-27.3,-2.81,0.04,-0.93,1.66,-8.86,67.2,32.86,0
-0.87,0.19,1.58,16.58,-27.25,-2.95,0.04,-0.92,1.68,-5.99,67.8,32.41,0
-0.88,0.19,1.58,16.43,-26.66,-3.1,0.04,-0.92,1.66,-8.67,67.8,32.42,0
-0.88,0.19,1.58,16.42,-26.18,-3.07,0.03,-0.92,1.69,-9.91,69.92,31.77,0
-0.88,0.19,1.58,16.16,-26.28,-2.98,0.03,-0.92,1.65,-10.27,67.41,32.13,0
-0.88,0.19,1.58,16.51,-26.53,-2.9,0.03,-0.92,1.67,-9.72,68.64,32.4,0
-0.87,0.19,1.58,16.65,-26.86,-2.82,0.03,-0.92,1.68,-7.81,63.87,32.77,0
-0.88,0.19,1.58,16.55,-26.15,-3.02,0.02,-0.93,1.67,-9.3,65.09,33.1,0
-0.88,0.19,1.58,16.42,-27.09,-2.77,0.03,-0.92,1.66,-8.08,65.99,33.12,0
-0.87,0.19,1.58,16.29,-26.35,-2.99,0.04,-0.91,1.66,-9.75,69.14,33.52,0
-0.88,0.19,1.58,16.42,-26.2,-2.71,0.04,-0.92,1.67,-11.61,67.54,33.58,0
-0.88,0.19,1.58,16.03,-27.18,-2.81,0.04,-0.93,1.67,-10.95,64.58,32.78,0
-0.88,0.19,1.57,16.53,-25.87,-3.05,0.05,-0.93,1.66,-10.41,67.05,32.8,0
-0.88,0.19,1.57,16.52,-26.96,-2.93,0.05,-0.93,1.66,-9.77,67.95,32.88,0
-0.87,0.19,1.57,16.19,-26.88,-3.14,0.04,-0.93,1.66,-9.11,66.2,32.79,0
-0.88,0.19,1.58,16.63,-26.66,-2.98,0.04,-0.92,1.66,-7.7,68.02,32.64,0
-0.88,0.19,1.58,16.24,-28,-2.79,0.02,-0.93,1.66,-10.33,67.02,32.78,0
-0.88,0.19,1.58,16.34,-27.61,-2.79,0.02,-0.92,1.65,-10.86,68.72,32.36,0
-0.87,0.19,1.58,16.43,-26.44,-2.86,0.02,-0.92,1.68,-7.94,65.36,33.25,0
-0.87,0.19,1.58,16.16,-24.68,-2.95,0.04,-0.91,1.66,-8.89,66.31,33.2,0
-0.88,0.19,1.58,16.32,-25.45,-2.8,0.04,-0.92,1.66,-10.89,66.47,33.39,0
-0.87,0.19,1.57,15.88,-27.15,-3.01,0.03,-0.92,1.67,-11.3,68.63,32.46,0
-0.87,0.19,1.57,16.46,-25.8,-2.98,0.04,-0.92,1.65,-10.02,66.16,32.72,0
-0.88,0.19,1.57,16.48,-26.58,-2.92,0.04,-0.93,1.67,-9.38,66.79,32.83,0
-0.88,0.19,1.57,16.57,-26.92,-2.91,0.04,-0.92,1.66,-8.93,69.31,32.84,0
-0.88,0.19,1.58,16.58,-26.07,-2.98,0.04,-0.93,1.67,-8.12,67.06,32.71,0
-0.88,0.19,1.57,16.48,-27.05,-2.8,0.04,-0.92,1.67,-8.02,68.2,32.65,0
-0.87,0.19,1.57,16.49,-26.81,-3.05,0.04,-0.92,1.67,-8.81,68.79,32.18,0
-0.88,0.19,1.58,16.71,-27.86,-2.68,0.01,-0.93,1.66,-11.14,68.45,32.56,0
-0.87,0.19,1.58,16.72,-28.22,-2.92,0.03,-0.93,1.66,-9.74,68.04,32.14,0
-0.87,0.19,1.58,16.47,-26.54,-3.05,0.02,-0.93,1.67,-8.89,66.87,32.52,0
-0.88,0.19,1.58,16,-26.21,-3.02,0.02,-0.93,1.66,-8.06,67.67,33.56,0
-0.87,0.19,1.57,16.52,-26.44,-2.88,0.02,-0.92,1.66,-10.02,66.39,32.73,0
-0.87,0.19,1.58,16.39,-25.59,-3.3,0.03,-0.92,1.66,-9.28,65.13,33.12,0
-0.87,0.19,1.57,16.19,-26.52,-2.68,0.03,-0.92,1.65,-10.89,66.03,33.39,0
-0.88,0.19,1.57,17.16,-26.31,-2.56,0.04,-0.92,1.66,-9.95,66.62,33,0
-0.88,0.19,1.57,16.8,-26.63,-2.68,0.04,-0.92,1.65,-10.75,68.61,32.78,0
-0.88,0.19,1.57,16.6,-26.13,-2.83,0.04,-0.93,1.67,-9.09,66.22,32.94,0
-0.88,0.19,1.57,16.61,-26.43,-2.94,0.04,-0.92,1.67,-7.48,68.28,32.81,0
-0.87,0.19,1.57,16.46,-26.4,-3.08,0.03,-0.91,1.67,-9.28,70.61,31.88,0
-0.87,0.19,1.58,16.36,-26.76,-3.17,0.03,-0.92,1.67,-10.28,69.22,31.97,0
-0.87,0.19,1.58,16.45,-26.15,-3.08,0.02,-0.92,1.66,-10.02,68.35,32.61,0
-0.87,0.19,1.58,16.39,-26.57,-2.95,0.02,-0.92,1.66,-9.84,71.15,32.34,0
-0.87,0.19,1.58,16.33,-25.83,-3.12,0.02,-0.93,1.66,-9.59,65.25,32.57,0
-0.87,0.19,1.58,16.44,-26.13,-2.82,0.02,-0.93,1.67,-8.47,66.12,32.8,0
-0.88,0.19,1.58,16.23,-25.7,-2.92,0.02,-0.93,1.69,-9.67,67.24,33,0
-0.87,0.19,1.57,16.29,-25.15,-2.96,0.02,-0.92,1.66,-8.97,65.29,33.06,0
-0.88,0.19,1.57,16.44,-25.91,-2.92,0.03,-0.92,1.66,-9.22,66.77,33.13,0
-0.87,0.19,1.57,16.37,-27.66,-2.98,0.03,-0.92,1.67,-9.25,66.64,32.52,0
-0.88,0.19,1.58,16.52,-26.16,-2.96,0.03,-0.92,1.67,-8.89,64.74,33.24,0
-0.88,0.19,1.57,16.36,-26.65,-2.86,0.03,-0.92,1.66,-10.02,65.57,33.07,0
-0.88,0.19,1.57,16.37,-26.68,-3.02,0.04,-0.92,1.66,-10.32,66.13,32.82,0
-0.88,0.19,1.57,16.65,-27.76,-2.82,0.03,-0.93,1.66,-8.86,67.22,33.02,0
-0.87,0.19,1.57,16.4,-26.96,-2.96,0.04,-0.93,1.67,-7.93,67.93,32.43,0
-0.87,0.19,1.57,16.39,-25.93,-3.04,0.03,-0.92,1.66,-9.58,69.08,32.12,0
-0.87,0.19,1.57,16.31,-26.08,-3.05,0.02,-0.92,1.69,-9.72,70.6,32.07,0
-0.87,0.19,1.58,16.29,-26.14,-2.94,0.02,-0.92,1.65,-10.03,67.77,32.24,0
-0.87,0.19,1.58,16.57,-26.14,-2.91,0.02,-0.93,1.66,-9.29,66.82,32.76,0
-0.88,0.19,1.57,16.32,-26.68,-2.82,0.02,-0.92,1.65,-11.97,68.43,33.05,0
-0.88,0.19,1.57,16.35,-26.57,-2.71,0.02,-0.92,1.67,-7.61,65.13,33.16,0
-0.88,0.19,1.57,16.39,-26.66,-2.93,0.04,-0.93,1.7,-5.61,62.63,33.44,0
-0.88,0.19,1.57,16.56,-26.18,-3,0.04,-0.93,1.67,-9.39,64.79,32.87,0
-0.88,0.19,1.57,16.48,-26.88,-2.86,0.04,-0.92,1.67,-9.07,66,32.79,0
-0.88,0.19,1.57,16.48,-26.86,-2.9,0.04,-0.92,1.67,-8.42,68.31,32.84,0
-0.88,0.19,1.57,16.45,-25.93,-3.1,0.04,-0.92,1.66,-7.67,68.98,32.3,0
-0.88,0.19,1.57,16.48,-26.54,-2.99,0.03,-0.92,1.66,-10.24,66.35,32.08,0
-0.87,0.19,1.57,16.58,-27.06,-2.95,0.03,-0.92,1.66,-10.66,70.43,32.04,0
-0.87,0.19,1.58,16.35,-26.18,-3.06,0.02,-0.91,1.66,-9.73,66.22,32.68,0
-0.87,0.19,1.57,16.55,-25.77,-2.88,0.02,-0.92,1.67,-9.23,65.75,32.97,0
-0.87,0.19,1.57,16.28,-25.71,-2.8,0.03,-0.91,1.68,-9,68.49,33.02,0
-0.87,0.19,1.57,16.55,-25.54,-3.07,0.03,-0.92,1.65,-9.48,65.86,33.48,0
-0.88,0.19,1.57,16.5,-25.96,-3.05,0.05,-0.92,1.66,-11.04,64.13,33.11,0
-0.88,0.19,1.57,16.42,-26.09,-2.84,0.04,-0.92,1.65,-13.45,69.05,32.68,0
-0.88,0.19,1.57,16.45,-25.89,-2.96,0.04,-0.93,1.67,-9.12,65.71,32.88,0
-0.88,0.19,1.57,16.55,-27.12,-3.01,0.04,-0.92,1.66,-8.53,69.67,32.39,0
-0.87,0.19,1.57,16.39,-27.18,-2.91,0.03,-0.92,1.67,-9.56,68.09,32.02,0
-0.87,0.19,1.58,16.62,-27.96,-2.72,0.01,-0.92,1.66,-9.95,67.85,32.7,0
-0.87,0.19,1.58,16.52,-26.96,-3,0.02,-0.92,1.66,-10.59,67.76,32.17,0
-0.87,0.19,1.57,16.43,-26.51,-2.94,0.01,-0.92,1.66,-8.76,66.27,32.9,0
-0.87,0.19,1.57,16.3,-25.56,-3,0.02,-0.91,1.69,-8.16,67.53,32.69,0
-0.87,0.19,1.58,16.55,-26.22,-2.77,0.02,-0.92,1.66,-9.02,66.43,32.94,0
-0.87,0.19,1.57,16.38,-26.51,-2.92,0.03,-0.92,1.66,-9.96,65.13,32.89,0
-0.87,0.19,1.57,16.31,-25.76,-2.96,0.04,-0.92,1.65,-10.46,65.57,32.91,0
-0.88,0.19,1.57,16.45,-25.99,-2.95,0.04,-0.92,1.67,-10.22,66.28,33,0
-0.88,0.19,1.57,16.26,-25.87,-2.94,0.03,-0.92,1.68,-10.95,67.69,32.83,0
-0.88,0.19,1.57,16.36,-25.68,-3.02,0.04,-0.92,1.67,-8.35,67.52,32.54,0
-0.88,0.19,1.57,16.59,-26.85,-3,0.03,-0.92,1.67,-8.51,69.31,32.28,0
-0.88,0.19,1.57,16.55,-27.38,-2.93,0.02,-0.92,1.68,-10.21,69.28,32.34,0
-0.88,0.19,1.57,16.65,-26.66,-2.99,0.02,-0.92,1.66,-10.63,68.21,32.32,0
-0.88,0.19,1.57,16.61,-27.28,-2.76,0.02,-0.93,1.66,-9.7,68.68,32.53,0
-0.87,0.19,1.57,16.45,-27.07,-2.98,0.02,-0.93,1.66,-10.29,66.77,32.62,0
-0.88,0.19,1.57,16.56,-26.31,-2.86,0.02,-0.93,1.66,-9.28,65.38,32.88,0
-0.88,0.19,1.57,16.46,-27.13,-2.69,0.02,-0.93,1.66,-8.41,65.03,33.09,0
-0.88,0.19,1.57,16.48,-26.66,-2.91,0.02,-0.92,1.66,-10.08,67.26,33.29,0
-0.88,0.19,1.57,16.39,-26.8,-2.71,0.03,-0.92,1.66,-10.01,65.3,33.19,0
-0.87,0.19,1.57,16.36,-27.28,-2.95,0.04,-0.92,1.67,-8.85,65.21,32.64,0
-0.87,0.19,1.57,16.41,-26.62,-2.96,0.04,-0.93,1.67,-9.93,66.29,32.88,0
-0.88,0.19,1.57,16.45,-26.18,-3.02,0.04,-0.92,1.67,-8.7,66.63,32.5,0
-0.88,0.19,1.57,16.51,-26.41,-3.02,0.03,-0.92,1.67,-9.28,67.54,32.38,0
-0.87,0.19,1.58,16.66,-27.15,-2.98,0.04,-0.92,1.66,-9.94,69.51,32.23,0
-0.88,0.19,1.57,16.45,-26.37,-3.08,0.03,-0.91,1.67,-10.28,68.95,32.23,0
-0.88,0.19,1.58,16.51,-26.41,-2.87,0.02,-0.93,1.67,-10.37,68.65,32.59,0
-0.87,0.19,1.57,16.29,-26.3,-3.03,0.02,-0.91,1.67,-9.26,69.78,32.25,0
-0.87,0.19,1.57,16.42,-25.86,-2.96,0.02,-0.92,1.65,-10.11,66.19,32.69,0
-0.88,0.19,1.58,16.45,-25.89,-2.98,0.02,-0.92,1.67,-8.67,66.23,33.13,0
-0.88,0.19,1.57,16.26,-25.92,-2.89,0.02,-0.93,1.67,-11.19,66.15,32.81,0
-0.88,0.19,1.58,16.42,-25.53,-2.98,0.03,-0.92,1.67,-8.67,64.8,32.96,0
-0.88,0.19,1.57,16.42,-25.67,-2.84,0.04,-0.92,1.66,-9.71,65.82,32.98,0
-0.87,0.19,1.57,16.55,-26.83,-3.05,0.04,-0.92,1.66,-11.56,67.41,32.64,0
-0.88,0.19,1.57,16.36,-26.8,-2.82,0.04,-0.93,1.67,-8.96,66.35,32.89,0
-0.88,0.19,1.58,16.36,-26.31,-2.98,0.04,-0.92,1.67,-9.25,66.87,32.81,0
-0.88,0.19,1.57,16.48,-26.44,-3.01,0.04,-0.92,1.65,-10.53,69.63,32.62,0
-0.88,0.19,1.58,16.52,-25.87,-2.98,0.03,-0.92,1.67,-8.34,68.59,32.63,0
-0.88,0.19,1.57,16.13,-25.94,-2.7,0.03,-0.92,1.66,-9.28,67.15,33.01,0
-0.88,0.19,1.57,16.58,-26.8,-2.73,0.02,-0.91,1.66,-10.81,70.29,33.16,0
-0.87,0.19,1.57,16.87,-28.83,-2.82,0.02,-0.92,1.67,-10.05,67.96,32.07,0
-0.87,0.19,1.58,17.7,-26.34,-2.92,0.02,-0.92,1.66,-9.55,67.44,32.09,0
-0.87,0.19,1.59,19.86,-26.07,-2.88,0.02,-0.93,1.66,-10.87,69.22,31.11,0
-0.87,0.2,1.59,18.2,-26.87,-2.82,0.02,-0.92,1.66,-8.8,67.79,32.29,0
-0.88,0.2,1.59,16.27,-25.82,-2.93,0.01,-0.93,1.64,-11.26,68.41,32.59,0
-0.87,0.2,1.59,16.32,-28.21,-2.96,0.03,-0.94,1.65,-13.26,64.42,33.72,0
-0.88,0.2,1.59,17.02,-27.18,-3.01,0.02,-0.94,1.66,-12.35,71.05,33,0
-0.87,0.2,1.59,15.94,-27.27,-2.61,0.02,-0.95,1.66,-8.23,65.09,32.55,0
-0.88,0.2,1.59,16.86,-26.78,-3.1,0.02,-0.93,1.66,-6.48,66.73,32.34,0
-0.88,0.21,1.59,16.69,-26.02,-2.81,0.01,-0.93,1.67,-7.76,67.28,32.65,0
-0.88,0.2,1.59,16.65,-28.06,-2.89,0.02,-0.93,1.67,-8.31,68.02,32.14,0
-0.88,0.2,1.59,16.48,-26.52,-3.02,0.03,-0.92,1.66,-8.97,66.05,32.75,0
-0.88,0.2,1.59,16.91,-26.89,-2.76,0.01,-0.93,1.65,-10.7,68.04,32.33,0
-0.87,0.2,1.59,17.18,-26.57,-2.87,0.01,-0.93,1.66,-9.16,66.97,32.28,0
-0.88,0.2,1.59,16.5,-26.38,-2.92,0.02,-0.93,1.65,-8.96,65.9,32.98,0
-0.88,0.2,1.59,16.55,-27.39,-2.73,0.01,-0.94,1.66,-7.97,64.65,33.43,0
-0.88,0.21,1.59,16.52,-26.66,-2.89,0.02,-0.92,1.67,-8.97,65.88,32.97,0
-0.88,0.21,1.59,16.58,-26.5,-3.1,0.03,-0.92,1.66,-8.86,64.21,32.94,0
-0.87,0.22,1.59,17.36,-27.76,-3.13,0.04,-0.92,1.66,-8.47,65.8,32.57,0
-0.88,0.2,1.59,16.81,-27.97,-2.74,0.04,-0.92,1.66,-9.97,65.9,32.57,0
-0.87,0.21,1.59,16.6,-26.99,-2.86,0.05,-0.93,1.69,-5.61,65.12,32.88,0
-0.88,0.21,1.59,16.55,-26.41,-3.02,0.04,-0.93,1.67,-8.11,67.02,32.37,0
-0.88,0.21,1.59,16.61,-27.15,-2.69,0.03,-0.92,1.66,-8.25,69.28,32.34,0
-0.87,0.21,1.59,17.29,-26.53,-2.86,0.03,-0.92,1.65,-12.93,71.4,31.93,0
-0.88,0.21,1.59,16.61,-25.52,-2.79,0.03,-0.91,1.69,-5.74,66,33.04,0
-0.88,0.21,1.59,16.65,-27.03,-3,0.02,-0.93,1.64,-14.56,70.63,33.08,0
-0.88,0.2,1.6,16.87,-27.87,-3.32,0.01,-0.92,1.69,-7.73,67.22,32.28,0
-0.88,0.2,1.59,17.1,-29.01,-2.8,0.01,-0.93,1.66,-11.37,66.62,32.39,0
-0.88,0.2,1.59,16.34,-26.88,-2.86,0.02,-0.94,1.66,-11.58,66.35,32.87,0
-0.88,0.21,1.59,16.17,-25.06,-2.98,0.01,-0.94,1.66,-13.3,67.14,33.12,0
-0.88,0.21,1.59,16.71,-27.47,-2.61,0.01,-0.97,1.63,-14.56,66.35,32.49,0
-0.88,0.2,1.59,16.55,-27.44,-2.74,0.01,-0.96,1.68,-7.65,67.73,32.85,0
-0.88,0.21,1.59,16.36,-26.61,-3.02,0,-0.96,1.64,-12.4,68.28,32.59,0
-0.88,0.2,1.59,15.88,-26.54,-3.19,0,-0.97,1.67,2.56,60.23,31.56,0
-0.88,0.21,1.59,16.23,-25.51,-2.92,0.01,-0.92,1.69,-2.79,66.26,33.09,0
-0.89,0.2,1.59,17.1,-26.49,-2.57,0.01,-0.93,1.66,-10.54,69.47,32.39,0
-0.88,0.21,1.59,16.68,-28.31,-2.79,0.01,-0.93,1.66,-9.7,69.16,32.35,0
-0.88,0.21,1.59,16.8,-27.7,-2.92,0.01,-0.93,1.65,-11.37,66.59,32.3,0
-0.88,0.2,1.59,17.9,-27.63,-2.66,0.01,-0.93,1.66,-9.82,67.68,32.05,0
-0.87,0.2,1.59,16.53,-28.84,-3.07,0.02,-0.91,1.65,-12.45,69.45,31.65,0
-0.88,0.21,1.59,14.73,-25.48,-3.13,0.01,-0.93,1.67,-8.15,64.21,33.73,0
-0.88,0.21,1.59,17.06,-26.04,-2.68,0,-0.94,1.66,-8.96,66.28,33.28,0
-0.88,0.2,1.59,17.06,-27.89,-2.89,0,-0.92,1.66,-9.02,71.46,32.48,0
-0.88,0.2,1.59,14.37,-26.76,-2.84,0,-0.92,1.66,-9.51,68.1,32.91,0
-0.88,0.21,1.59,16.23,-25.67,-3.04,-0.01,-0.94,1.63,-8.49,58.56,34.55,0
-0.88,0.21,1.59,16.79,-25.67,-3.41,-0.01,-0.95,1.65,-8.47,66.94,33.87,0
-0.88,0.2,1.59,15.25,-26.73,-2.75,-0.01,-0.96,1.64,-11.5,63.1,33.21,0
-0.87,0.2,1.58,16.73,-27.12,-2.85,-0.02,-0.93,1.69,-0.04,67.6,34.07,0
-0.87,0.2,1.59,15.84,-26.24,-3.31,-0.02,-0.94,1.66,-12.52,67.39,33.15,0
-0.87,0.2,1.59,15.78,-26.63,-3.07,0,-0.97,1.68,-7.65,62.28,32.98,0
-0.88,0.2,1.59,16.18,-25.88,-2.96,-0.02,-0.97,1.67,-9.1,70.19,33.09,0
-0.88,0.2,1.59,16.56,-27.46,-2.86,0,-0.96,1.66,-2.52,54.76,32.59,0
-0.87,0.2,1.59,16.11,-26.93,-3.18,0.01,-0.96,1.67,-9.48,67.83,32.31,0
-0.88,0.2,1.59,15.64,-25.23,-2.84,0,-0.97,1.64,-9.51,68.04,32.96,0
-0.88,0.2,1.59,16.35,-27.21,-2.7,0.02,-0.96,1.64,-2.18,66.71,33.07,0
-0.88,0.2,1.58,14.86,-27.55,-2.72,0.01,-0.93,1.69,-4.2,65.97,31.72,0
-0.88,0.2,1.58,16.63,-26.15,-3.16,0.01,-0.93,1.66,-8.68,66.49,32.26,0
-0.88,0.2,1.59,17.08,-28.32,-2.69,0.01,-0.94,1.65,-9.91,69.71,33.31,0
-0.88,0.2,1.58,16.59,-27.68,-2.74,0.01,-0.93,1.66,-7.29,65.24,32.73,0
-0.88,0.2,1.59,16.87,-26.44,-2.94,0.01,-0.92,1.67,-8.13,66.66,32.87,0
-0.88,0.2,1.59,16.84,-28.16,-2.61,0.01,-0.93,1.65,-9.86,67.15,32.52,0
-0.87,0.2,1.59,15.58,-26.56,-2.84,0.02,-0.93,1.66,-10.02,66.41,33.36,0
-0.87,0.2,1.59,17.55,-26.86,-3.53,0.02,-0.92,1.66,-10.36,67.04,31.69,0
-0.88,0.2,1.59,17.55,-26.57,-2.71,0.01,-0.92,1.67,-7.03,63.7,32.64,0
-0.87,0.22,1.6,23.42,-26.34,-3.47,0.01,-0.93,1.64,-9.7,65.6,30.67,0
-0.88,0.23,1.61,17.53,-26.88,-2.21,0.01,-0.9,1.64,-12.14,65.8,33.15,0
-0.86,0.22,1.61,13.52,-26.5,-3.41,0.03,-0.92,1.67,-9.61,68.34,32.67,0
-0.87,0.22,1.61,16.08,-26.41,-2.95,0.02,-0.92,1.66,-10.78,65.21,32.94,0
-0.87,0.22,1.61,15.99,-26.44,-2.7,0.02,-0.92,1.67,-10.71,68.12,32.75,0
-0.87,0.22,1.61,15.73,-26.38,-3.08,0.02,-0.92,1.67,-9.61,66.61,32.67,0
-0.87,0.22,1.61,16.07,-26.29,-3.12,0.02,-0.92,1.66,-8.45,65.54,32.5,0
-0.87,0.22,1.6,16.84,-27.45,-2.78,0.02,-0.93,1.65,-8.35,69.32,32.26,0
-0.87,0.22,1.61,16.84,-27.44,-2.74,0.02,-0.92,1.66,-10.11,67.54,32.01,0
-0.87,0.22,1.61,16.39,-26.58,-2.88,0.02,-0.92,1.66,-10.32,68.63,32.54,0
-0.87,0.22,1.61,15.51,-27.32,-2.74,0.02,-0.93,1.65,-9.17,65.31,32.2,0
-0.87,0.21,1.6,15.95,-26.76,-2.79,0.01,-0.92,1.67,-7.98,64.44,33.44,0
-0.87,0.22,1.6,16.9,-26.06,-2.99,0.02,-0.92,1.67,-9.2,65.68,33.08,0
-0.87,0.22,1.6,16.59,-27.07,-2.79,0.02,-0.93,1.64,-9.89,63.85,33.74,0
-0.87,0.21,1.61,16.83,-27.15,-2.99,0.04,-0.93,1.67,-11.74,68.49,32.78,0
-0.87,0.21,1.61,16.19,-26.59,-2.94,0.03,-0.93,1.66,-10.21,66.47,32.66,0
-0.87,0.22,1.6,16.55,-27.07,-2.97,0.03,-0.92,1.67,-8.52,68.6,32.21,0
-0.87,0.22,1.6,16.34,-26.41,-2.93,0.02,-0.92,1.66,-8.39,68.23,32.46,0
-0.87,0.22,1.61,16.51,-26.35,-2.87,0.02,-0.92,1.67,-9.77,68.49,32.8,0
-0.88,0.22,1.61,16.48,-26.22,-2.75,0.01,-0.93,1.64,-13.8,69.74,32.56,0
-0.88,0.22,1.61,16.13,-25.29,-3,0.03,-0.92,1.68,-7.19,63.73,32.89,0
-0.88,0.22,1.61,16.74,-26.44,-2.87,0.02,-0.92,1.67,-8.88,65.4,33.29,0
-0.88,0.21,1.61,15.61,-26.7,-2.08,0.03,-0.93,1.66,-12.3,64.22,34.37,0
-0.87,0.22,1.6,14.46,-26.63,-3.02,0.03,-0.93,1.67,-6.01,62.73,31.78,0
-0.87,0.21,1.6,15.64,-26.22,-3.21,0.03,-0.91,1.66,-7,69.5,31.57,0
-0.87,0.22,1.6,16.61,-26.5,-3.11,0.02,-0.92,1.65,-11.89,71.43,31.49,0
-0.88,0.22,1.6,16.26,-25.8,-2.75,0.02,-0.92,1.65,-8.22,64.48,32.68,0
-0.88,0.21,1.6,16.19,-26.95,-2.76,0.03,-0.91,1.68,-5.47,60.49,34.55,0
-0.88,0.22,1.6,17.12,-27.37,-2.28,0.01,-0.92,1.65,-25.82,69.09,34.71,0
-0.88,0.21,1.6,15.62,-27.08,-2.92,0.03,-0.97,1.54,-27.4,77.8,30.69,0
-0.87,0.21,1.59,17.07,-26.4,-3.4,-0.01,-0.99,1.59,-13.71,63.99,30.82,0
-0.87,0.2,1.59,17.08,-28.28,-2.79,0.01,-1,1.66,-5.98,55.37,30.61,0
-0.87,0.21,1.59,16.97,-25.78,-3.01,0,-0.97,1.62,-7.44,74.34,30.83,0
-0.88,0.21,1.6,15.98,-26.5,-2.66,-0.01,-0.96,1.66,-5.55,66.77,32.7,0
-0.88,0.2,1.59,16.42,-28.08,-2.47,-0.01,-0.96,1.64,-8.35,65.45,32.91,0
-0.87,0.21,1.59,15.88,-25.96,-2.53,-0.01,-0.95,1.65,-9.37,67.24,33.31,0
-0.88,0.2,1.59,16.64,-26.65,-2.9,-0.01,-0.94,1.65,-9.25,68.54,33.08,0
-0.88,0.2,1.59,15.97,-25.66,-3.02,0,-0.95,1.67,-6.45,64.34,33.13,0
-0.88,0.21,1.59,16.53,-26.75,-2.85,0,-0.95,1.65,-8.81,68.12,33.1,0
-0.88,0.21,1.59,16.21,-27.19,-2.77,-0.01,-0.94,1.63,-16.17,68.1,32.96,0
-0.88,0.2,1.59,16.41,-26.09,-3.11,0,-0.95,1.65,-9.34,67.34,32.71,0
-0.88,0.2,1.59,16.32,-26.76,-2.95,0,-0.95,1.66,-8.44,63.52,33.16,0
-0.87,0.2,1.59,16.44,-27.08,-2.88,0,-0.94,1.64,-10.98,66.22,32.79,0
-0.87,0.2,1.59,16.41,-27.12,-2.98,0,-0.94,1.67,-8.65,66.74,32.53,0
-0.88,0.2,1.59,16.26,-25.89,-2.83,0,-0.94,1.66,-8.26,63.15,33.29,0
-0.88,0.2,1.59,16.06,-27.92,-2.72,0.01,-0.94,1.65,-9.4,66.27,33.27,0
-0.87,0.2,1.59,16.64,-26.7,-2.62,0.01,-0.94,1.66,-8.43,66.49,33.2,0
-0.87,0.2,1.59,16.14,-26.39,-2.83,0.02,-0.92,1.65,-12.22,67.42,33.11,0
-0.88,0.2,1.59,16.43,-27.02,-2.63,0.02,-0.94,1.66,-10.83,67.18,33.37,0
-0.88,0.2,1.59,16.71,-26.88,-2.85,0.02,-0.93,1.67,-6.92,68.01,32.3,0
-0.88,0.2,1.59,16.18,-26.43,-3.09,0.01,-0.92,1.65,-8.12,68.48,31.97,0
-0.88,0.2,1.59,16.36,-26.31,-3,0,-0.92,1.65,-10.23,66.67,32.41,0
-0.87,0.2,1.59,16.36,-26.29,-3.02,0,-0.93,1.66,-8.84,66.55,33.12,0
-0.88,0.2,1.59,16.32,-25.37,-2.92,0.01,-0.92,1.68,-8.93,70.46,32.89,0
-0.88,0.2,1.59,16.03,-26.65,-2.92,0.01,-0.93,1.66,-9.12,64.42,32.87,0
-0.87,0.22,1.59,17.57,-26.27,-2.76,0.01,-0.93,1.66,-9.63,67.11,33.2,0
-0.88,0.21,1.59,15.72,-26.56,-2.95,0.01,-0.93,1.68,-10.59,68.66,32.94,0
-0.88,0.2,1.59,16,-26.1,-3.09,0.02,-0.93,1.66,-10.21,65.74,33.1,0
-0.88,0.21,1.59,17,-26.28,-3.09,0.02,-0.93,1.66,-10.63,66.14,33.13,0
-0.88,0.2,1.59,16.42,-26.47,-2.84,0.02,-0.93,1.65,-12.31,68.91,32.57,0
-0.87,0.21,1.59,17.61,-29.37,-3.8,0.01,-0.94,1.66,-7.92,68.44,31.31,0
-0.87,0.21,1.59,18.38,-26.36,-1.68,-0.03,-0.93,1.67,-14.39,70.9,33.59,0
-0.89,0.21,1.6,15.81,-27.41,-2.12,0,-0.93,1.68,-10.6,70.92,33.8,0
-0.89,0.21,1.6,17.46,-24.3,-6.59,0.03,-0.93,1.67,-6.42,62.61,28.25,0
-0.87,0.21,1.6,16.58,-27.28,-3.11,0,-0.94,1.65,-7.77,64.59,31.32,0
-0.87,0.21,1.6,16.29,-27.73,-2.28,0.01,-0.94,1.65,-9.88,67.54,32.2,0
-0.87,0.21,1.59,15.91,-26.2,-2.83,0.01,-0.93,1.65,-9.25,67.76,32.43,0
-0.88,0.21,1.6,16.05,-25.72,-2.93,0.01,-0.93,1.65,-10.82,67.26,33.2,0
-0.88,0.2,1.59,13.21,-25.83,-3.76,0.01,-0.93,1.66,-9.34,64.34,33.42,0
-0.88,0.2,1.59,16.5,-26.99,-2.73,0.02,-0.93,1.66,-9.86,64.91,33.35,0
-0.87,0.2,1.59,16.95,-26.99,-2.91,0.02,-0.93,1.65,-8.82,66.57,33.13,0
-0.88,0.2,1.59,16.61,-27.33,-2.89,0.03,-0.93,1.66,-9.34,66.78,32.88,0
-0.87,0.2,1.59,16.32,-26.89,-2.99,0.03,-0.92,1.66,-8.73,67.55,32.49,0
-0.87,0.2,1.59,16.49,-27.3,-2.97,0.03,-0.92,1.66,-10.48,70.62,32.1,0
-0.87,0.2,1.59,16.42,-25.88,-2.97,0.02,-0.91,1.66,-9.11,68.74,32.06,0
-0.87,0.2,1.59,16.21,-26.16,-2.91,0.02,-0.92,1.66,-9.64,66.23,32.74,0
-0.88,0.2,1.59,16.3,-26.33,-2.92,0.02,-0.92,1.66,-9.67,68.83,32.93,0
-0.88,0.2,1.59,16.17,-25.67,-2.99,0.02,-0.93,1.67,-9.73,65.29,33.15,0
-0.88,0.2,1.59,16.58,-26.95,-2.76,0.02,-0.93,1.65,-9.68,66.21,33.1,0
-0.87,0.2,1.59,16.42,-26.95,-2.98,0.03,-0.93,1.65,-9.85,65.29,32.75,0
-0.87,0.2,1.59,16.64,-26.87,-2.91,0.03,-0.93,1.66,-9.95,66.51,33.12,0
-0.88,0.2,1.59,16.49,-26.97,-2.95,0.04,-0.93,1.66,-9.41,66.73,32.79,0
-0.87,0.2,1.59,16.61,-27.11,-2.92,0.03,-0.92,1.66,-8.6,68.75,32.42,0
-0.87,0.2,1.59,16.65,-27.48,-2.95,0.03,-0.92,1.66,-11.8,70.42,31.82,0
-0.87,0.2,1.59,16.64,-27.67,-2.86,0.02,-0.92,1.67,-9.11,67.93,32.09,0
-0.87,0.2,1.59,16.49,-27.11,-2.96,0.02,-0.93,1.66,-9.83,66.85,32.49,0
-0.87,0.2,1.59,16.42,-27.44,-2.98,0.01,-0.93,1.66,-13.46,69.37,32.05,0
-0.87,0.2,1.59,16.29,-26.45,-3.02,0,-0.93,1.66,-9.07,65.99,32.62,0
-0.87,0.2,1.59,16.19,-25.93,-3.04,0.01,-0.93,1.65,-9.5,64.87,32.9,0
-0.88,0.2,1.59,16.15,-25.42,-2.78,0.01,-0.94,1.66,-11.33,66.41,33.03,0
-0.88,0.2,1.59,16.44,-25.74,-2.91,0.02,-0.93,1.67,-9.2,65.35,32.7,0
-0.87,0.2,1.59,16.31,-26.71,-2.98,0.02,-0.92,1.65,-9.77,64.42,33.2,0
-0.87,0.2,1.59,16.51,-26.47,-3.02,0.03,-0.92,1.66,-11.4,66.5,32.98,0
-0.88,0.2,1.59,16.19,-27.02,-2.91,0.03,-0.93,1.67,-9.68,64.69,32.59,0
-0.88,0.2,1.59,16.42,-26.25,-2.93,0.04,-0.92,1.66,-11.16,67.02,32.6,0
-0.88,0.2,1.59,16.45,-26.38,-2.92,0.04,-0.93,1.66,-12.4,65.48,32.68,0
-0.88,0.2,1.59,16.03,-25.96,-3.13,0.04,-0.93,1.67,-7.22,65.84,33,0
-0.87,0.2,1.59,16.6,-26.98,-2.92,0.04,-0.93,1.66,-8.58,67.64,32.78,0
-0.88,0.2,1.59,16.52,-27.01,-2.89,0.03,-0.92,1.67,-9.25,69.48,32.85,0
-0.87,0.2,1.59,16.76,-26.93,-2.95,0.03,-0.92,1.67,-9.57,69.39,32.26,0
-0.87,0.2,1.59,16.41,-27.73,-2.84,0.02,-0.92,1.66,-9.7,68.1,31.74,0
-0.87,0.2,1.59,16.44,-27.18,-2.93,0.03,-0.92,1.68,-7.9,64.63,32.22,0
-0.87,0.2,1.59,16.7,-26.42,-3.05,0.01,-0.93,1.66,-9.28,66.3,32.85,0
-0.87,0.2,1.59,16.36,-26.53,-2.74,0.01,-0.93,1.66,-8.3,65.56,33.66,0
-0.87,0.2,1.59,16.69,-26.44,-2.81,0.02,-0.93,1.69,-4.87,64.29,34.51,0
-0.87,0.2,1.59,16.4,-25.89,-2.95,0.03,-0.92,1.66,-9.51,66.09,32.93,0
-0.88,0.2,1.59,16.45,-27.15,-2.86,0.02,-0.93,1.66,-9.67,64.67,32.69,0
-0.88,0.2,1.59,16.35,-26.74,-2.78,0.03,-0.92,1.64,-11.32,68.53,32.94,0
-0.88,0.2,1.59,16.48,-25.86,-2.88,0.03,-0.93,1.68,-8.89,65.25,32.95,0
-0.88,0.2,1.59,16.3,-26.16,-2.93,0.03,-0.93,1.67,-10.46,67.66,32.94,0
-0.88,0.2,1.59,16.57,-27.26,-2.79,0.04,-0.94,1.67,-7.41,67.72,32.59,0
-0.87,0.2,1.59,16.32,-26.78,-2.99,0.04,-0.92,1.66,-7.51,68.54,32.16,0
-0.87,0.2,1.59,16.3,-26.32,-2.98,0.03,-0.91,1.66,-9.08,68.89,32.65,0
-0.88,0.2,1.59,16.44,-27.3,-2.69,0.01,-0.93,1.65,-9.84,67.92,32.94,0
-0.87,0.2,1.59,16.55,-27.21,-2.81,0.02,-0.92,1.66,-9.34,66.8,32.65,0
-0.87,0.2,1.59,16.47,-26.76,-2.92,0.02,-0.92,1.67,-8.49,64.75,33.31,0
-0.88,0.2,1.59,16.53,-27.07,-2.66,0.02,-0.93,1.65,-8.38,65.04,33.87,0
-0.87,0.2,1.59,16.41,-26.73,-2.91,0.04,-0.91,1.67,-9.95,64.95,32.97,0
-0.87,0.2,1.59,16.57,-26.57,-3.04,0.04,-0.92,1.66,-9.67,66.07,32.84,0
-0.88,0.2,1.59,16.52,-26.94,-2.76,0.03,-0.93,1.66,-10.38,66.34,33.07,0
-0.88,0.2,1.59,16.61,-26.68,-2.86,0.04,-0.92,1.66,-9.34,66.55,32.93,0
-0.88,0.2,1.59,16.38,-26.62,-2.84,0.04,-0.92,1.66,-8.69,67.6,32.69,0
-0.88,0.2,1.59,16.71,-26.69,-2.94,0.04,-0.92,1.67,-8.35,69.66,32.35,0
-0.88,0.2,1.59,16.52,-27.79,-2.76,0.03,-0.92,1.66,-8.66,68.34,32.03,0
-0.87,0.2,1.59,16.58,-26.82,-2.93,0.03,-0.91,1.66,-10.5,67.37,32.17,0
-0.87,0.2,1.59,16.54,-27.12,-2.96,0.02,-0.91,1.66,-9.88,66.48,32.82,0
-0.87,0.2,1.59,16.27,-25.92,-2.86,0.02,-0.91,1.67,-9.21,65.03,33.09,0
-0.87,0.2,1.59,16.32,-25.86,-2.97,0.04,-0.92,1.66,-9.92,66.28,32.96,0
-0.88,0.2,1.59,16.32,-26.39,-2.92,0.03,-0.92,1.66,-13.4,66.06,32.98,0
-0.88,0.2,1.59,16.46,-25.72,-2.89,0.04,-0.92,1.67,-8.9,65.11,32.88,0
-0.87,0.2,1.59,16.55,-26.54,-2.97,0.05,-0.92,1.66,-9.33,66.6,32.71,0
-0.87,0.2,1.59,16.58,-27.12,-2.92,0.04,-0.92,1.67,-10.34,66.95,32.54,0
-0.87,0.2,1.59,16.45,-26.16,-2.99,0.04,-0.92,1.67,-7.75,67.96,32.57,0
-0.87,0.2,1.59,16.49,-26.64,-3,0.03,-0.91,1.66,-8.93,68.79,32.21,0
-0.87,0.2,1.59,16.54,-27.53,-2.89,0.03,-0.91,1.66,-11.08,69.91,32.26,0
-0.87,0.2,1.59,16.54,-27.26,-2.96,0.02,-0.91,1.67,-9.18,67.19,32.03,0
-0.87,0.2,1.59,16.52,-26.54,-2.94,0.02,-0.91,1.66,-9,65.83,32.68,0
-0.87,0.2,1.59,16.15,-25.97,-3.04,0.03,-0.91,1.66,-9.38,67.17,33.13,0
-0.87,0.2,1.59,16.39,-26.09,-2.92,0.03,-0.91,1.66,-10.73,64.8,32.78,0
-0.87,0.2,1.59,16.43,-26.31,-2.92,0.04,-0.91,1.67,-9.61,66.48,32.99,0
-0.87,0.2,1.59,16.61,-27.28,-2.81,0.04,-0.92,1.67,-9.05,67.38,32.64,0
-0.87,0.2,1.58,16.39,-26.51,-3,0.04,-0.91,1.66,-10.09,66.8,32.78,0
-0.87,0.2,1.59,16.38,-26.22,-2.98,0.04,-0.92,1.66,-10.15,66.32,32.88,0
-0.87,0.2,1.59,16.72,-27.2,-2.89,0.05,-0.92,1.67,-8.97,68.21,32.75,0
-0.87,0.2,1.59,16.71,-27.27,-2.97,0.05,-0.91,1.67,-7.12,68.66,32.1,0
-0.87,0.2,1.59,16.5,-26.46,-2.98,0.04,-0.91,1.67,-9.71,68.57,31.8,0
-0.87,0.2,1.58,16.35,-26.49,-3.06,0.03,-0.9,1.66,-9.89,70.63,31.97,0
-0.87,0.2,1.59,16.21,-26.19,-3.04,0.02,-0.91,1.65,-10.36,66.32,32.26,0
-0.88,0.2,1.59,16.36,-26.1,-2.84,0.02,-0.92,1.66,-10.24,66.97,32.93,0
-0.87,0.2,1.59,16.58,-26.14,-2.86,0.02,-0.91,1.65,-11.37,68.17,33.11,0
-0.87,0.2,1.59,16.29,-25.88,-3,0.03,-0.91,1.67,-8.72,64.48,33.07,0
-0.88,0.2,1.59,16.35,-26.68,-2.83,0.03,-0.92,1.66,-9.65,65.62,33.39,0
-0.87,0.2,1.59,16.39,-26.38,-2.93,0.04,-0.92,1.64,-12.42,66.7,32.78,0
-0.87,0.2,1.59,16.9,-26.69,-2.92,0.04,-0.92,1.66,-9.71,66.43,32.95,0
-0.87,0.2,1.59,16.42,-27.33,-2.82,0.04,-0.92,1.67,-9.48,66.34,32.65,0
-0.87,0.2,1.59,16.51,-26.58,-2.93,0.05,-0.92,1.66,-9.16,66.92,32.65,0
-0.87,0.2,1.59,16.63,-27.16,-3.1,0.05,-0.91,1.67,-9.09,72.81,31.96,0
-0.87,0.2,1.59,16.21,-26.8,-2.95,0.02,-0.91,1.67,-9.25,67.3,32.09,0
-0.87,0.2,1.59,16.51,-27.12,-2.94,0.02,-0.91,1.66,-10.95,68.27,32.49,0
-0.88,0.2,1.59,16.74,-27.2,-2.68,0.01,-0.92,1.65,-8.1,67.75,32.9,0
-0.87,0.2,1.59,16.57,-26.8,-2.76,0.02,-0.92,1.66,-9.36,65.92,32.43,0
-0.87,0.2,1.59,16.42,-25.92,-3,0.02,-0.92,1.66,-9.66,65.37,32.88,0
-0.87,0.2,1.59,16.27,-25.29,-2.88,0.03,-0.91,1.65,-9.79,68.34,33.57,0
-0.87,0.2,1.58,15.9,-26.57,-2.95,0.03,-0.91,1.66,-10.15,64.38,32.98,0
-0.88,0.2,1.58,16.18,-26.47,-2.94,0.03,-0.91,1.66,-10.79,64.83,33.38,0
-0.88,0.2,1.58,16.47,-25.92,-2.91,0.04,-0.92,1.68,-11.69,68.49,33.02,0
-0.87,0.2,1.58,16.27,-25.83,-3,0.04,-0.92,1.66,-9.73,66.71,32.81,0
-0.88,0.2,1.58,16.39,-27.05,-2.89,0.03,-0.92,1.66,-9.63,66.48,32.9,0
-0.88,0.2,1.58,16.58,-26.58,-2.88,0.04,-0.92,1.67,-8.91,67.15,32.8,0
-0.87,0.2,1.58,16.58,-26.96,-2.95,0.04,-0.92,1.67,-7.9,68.71,32.75,0
-0.88,0.19,1.58,16.39,-27.39,-2.75,0.04,-0.92,1.67,-8.02,68.76,32.2,0
-0.87,0.19,1.58,16.65,-26.6,-2.98,0.04,-0.91,1.66,-10.7,69.18,32.08,0
-0.87,0.2,1.58,16.49,-27.7,-3.06,0.02,-0.91,1.66,-10.98,69.41,32.01,0
-0.87,0.19,1.58,16.79,-27.37,-2.92,0.02,-0.92,1.66,-8.7,67.97,32.34,0
-0.87,0.2,1.58,16.58,-26.34,-2.84,0.03,-0.92,1.68,-7.67,64.43,32.9,0
-0.88,0.2,1.59,16.54,-26.71,-2.72,0.02,-0.93,1.66,-9.07,66.22,33.28,0
-0.87,0.2,1.58,16.49,-26.97,-2.96,0.03,-0.91,1.66,-9.35,66.44,32.67,0
-0.87,0.2,1.58,16.31,-26.59,-2.91,0.03,-0.91,1.65,-9.83,65.61,33,0
-0.87,0.19,1.58,16.57,-26.84,-2.83,0.03,-0.92,1.67,-10.86,66.35,33.33,0
-0.87,0.2,1.58,16.43,-25.94,-2.92,0.04,-0.92,1.67,-9.28,65.67,32.88,0
-0.87,0.2,1.58,16.42,-26.57,-2.99,0.04,-0.91,1.65,-10.28,66.7,32.83,0
-0.88,0.2,1.58,16.65,-27.39,-2.69,0.04,-0.93,1.66,-8.46,66.8,33.1,0
-0.88,0.2,1.59,16.73,-26.99,-2.87,0.04,-0.92,1.67,-8.47,67.09,32.6,0
-0.88,0.2,1.59,16.26,-26.04,-2.85,0.04,-0.92,1.67,-9.48,66.89,32.91,0
-0.87,0.2,1.58,16.16,-26.21,-3.13,0.04,-0.91,1.67,-7.9,70.24,32.98,0
-0.88,0.2,1.58,16.56,-25.67,-2.9,0.04,-0.91,1.65,-8.94,68.79,32.19,0
-0.88,0.2,1.58,16.39,-26.6,-2.9,0.02,-0.91,1.66,-10.51,69.13,31.96,0
-0.87,0.2,1.58,16.48,-26.99,-3.09,0.02,-0.91,1.65,-11.02,70.8,32.1,0
-0.88,0.2,1.59,16.29,-25.87,-2.88,0.01,-0.92,1.65,-9.04,66.25,32.66,0
-0.87,0.2,1.59,16.43,-27.05,-2.82,0.02,-0.92,1.65,-9.32,65.67,32.89,0
-0.88,0.2,1.58,16.39,-26.05,-2.84,0.02,-0.91,1.66,-8.8,65.38,33.11,0
-0.88,0.2,1.59,16.2,-25.6,-2.92,0.04,-0.92,1.67,-9.66,63.87,33.35,0
-0.87,0.2,1.58,16.51,-26.77,-2.88,0.05,-0.92,1.67,-9.73,66.71,32.78,0
-0.87,0.2,1.58,16.36,-26.86,-2.98,0.03,-0.91,1.67,-9.68,66.14,32.86,0
-0.88,0.2,1.59,16.59,-26.16,-2.89,0.04,-0.92,1.67,-8.32,66.59,32.81,0
-0.87,0.2,1.59,16.61,-27.25,-2.96,0.04,-0.91,1.67,-7.83,70.46,32.42,0
-0.87,0.2,1.58,16.41,-26.52,-3.02,0.03,-0.91,1.66,-9.54,68.38,31.93,0
-0.87,0.2,1.59,16.42,-26.48,-2.97,0.03,-0.92,1.67,-10.08,69,32.23,0
-0.87,0.2,1.59,16.43,-26.3,-2.95,0.02,-0.91,1.67,-9.71,70.06,32.14,0
-0.87,0.2,1.59,16.31,-25.99,-2.82,0.02,-0.92,1.67,-9.56,64.59,32.43,0
0.37,0.92,1.13,-24.53,-20.42,-7.66,0.08,0.07,0.9,-0.4,27.73,50.47,1
0.33,0.78,1.24,-15.12,-35.25,2.37,0.2,0.07,0.94,5.6,25.62,37.19,1
0.61,0.82,1.23,10.72,-53.21,-43.35,0.17,-0.17,0.66,26.09,126.56,52.8,1
0.44,0.97,1.05,30.65,-51.74,-25.96,0.15,0.22,0.69,18.91,93.25,29.25,1
0.35,0.98,1.09,70.99,-42.91,-18.09,0.14,0.18,0.73,-3.1,124.38,34.86,1
0.4,1.09,0.88,53.69,-75.49,-35.84,0.09,0.1,0.89,10.45,128.75,47.04,1
0.36,1.35,0.63,19.83,-76.78,-25.41,0.4,0,0.08,90.42,10.25,67.09,1
0.26,1.53,0.5,-16.83,-55.11,-33.45,0.36,0.14,0.05,-13.38,11.03,45.68,1
0.15,1.45,0.48,-107.8,-1.85,48.64,0.14,0.06,0.3,-82.87,-91.9,34.38,1
0.34,1.07,1,-201.09,7.58,37.37,-0.01,0.17,0.5,-89.25,-80.65,26.21,1
0.26,0.82,1.35,-163.9,-12.3,-9.31,-0.07,0.02,0.79,-29.03,-90.9,7.34,1
0.35,0.67,1.28,-214.44,4.69,-32.28,-0.03,0.06,0.96,-25.34,-33.39,0.63,1
0.22,-0.02,1.07,261.16,-73.24,-7.09,0.01,0.15,1.05,8.45,21.39,25.51,1
0.27,1.04,1.11,262.05,-118.63,-4.46,0.18,0.07,0.9,55.51,34.77,58.89,1
0.46,1.02,1.05,7.19,-90.78,-5.56,0.16,0.06,0.58,64.8,104.09,53.72,1
0.44,0.85,1.18,-232.1,6.26,-44.55,0.23,0.16,0.19,42.33,82.52,40.73,1
0.6,1.31,1.13,-102.2,-21.26,-22.51,0.49,0.12,-0.14,29.75,0.85,53.5,1
0.34,0.86,1.28,-111.11,1.43,-40.12,0.18,0.11,0.25,-78.97,48.4,25.84,1
0.33,0.84,1.39,135.46,-66.76,18.84,0.11,0.24,0.53,-136.28,42.34,32.71,1
0.37,0.99,1.2,-5.11,-37.71,49.93,0.18,0.04,0.92,-82.4,26.66,9,1
0.38,0.53,1.44,174.25,-30.88,46.55,-0.07,-0.32,0.98,-17.5,87.38,13.13,1
0.39,0.82,1.35,267.9,-29.71,35.4,0.11,0.17,1.03,-14.82,164.53,76.37,1
0.25,1.18,1.03,19.8,-14.11,-19.2,0.12,-0.1,1.07,10.06,89.49,57.56,1
0.32,0.83,1,-232.1,12.45,-89.28,0.11,0.11,0.93,-10.11,-76.32,41.46,1
0.38,0.51,1.29,-88.53,-54.83,-81.29,0.13,-0.11,1.03,15.22,6.21,20.19,1
0.45,0.47,1.27,22.05,-45.16,-39.08,0.38,0.61,1.06,-24.41,71.58,37.34,1
0.52,0.99,1.17,179.08,-46.52,15.9,0.22,0.15,0.74,15.53,75.23,39.65,1
0.39,0.93,1.08,93.37,-14.16,23.13,0.34,0.06,0.78,0.36,106.87,21.66,1
0.51,0.83,1.14,112.84,5.1,13.4,0.47,0.41,0.67,-14.78,224.61,28.69,1
0.41,0.5,1.17,234.59,13.27,25.63,0.24,-0.01,0.58,11.24,306.29,84.22,1
0.63,0.59,0.65,267.9,40.11,9.35,0.26,0.11,0.62,7.81,309.65,46.39,1
0.55,0.73,0.66,267.9,-8.02,81.85,0.4,0.15,0.86,3.43,225.17,42.89,1
0.51,1.13,0.79,171.34,-15.99,30.77,0.09,0.21,0.73,-21.59,215.21,39.51,1
0.24,1.06,0.57,64.89,-59.76,-6.27,-0.02,0.03,0.73,22.18,52.11,24.14,1
0.43,1.24,0.49,71.05,-114.94,-15.11,0.08,0.11,0.76,19,112.38,50.25,1
0.47,1.29,0.14,-232.1,-13.85,-82.19,0.4,0.08,0.45,49.46,83.31,25.39,1
0.03,1.28,1.27,-232.1,10.4,-77.04,0.13,0.05,0.36,-9.62,77.14,37.48,1
0.11,0.8,1.55,-149.61,-102.65,51.75,0.19,0.18,0.56,-72.92,-53.5,27.64,1
-0.19,0.31,1.57,59.82,-182.57,120.15,0.07,0.31,0.49,-5.51,-164.33,37.38,1
0.07,0.18,0.99,144.98,-106.16,82.06,0.26,-0.02,0.69,-65.22,22.83,13.12,1
-0.27,0.55,1.45,70.42,-115.2,-24.64,0.5,0.61,0.74,-59.1,194.2,20.13,1
0.48,0.34,1.14,69.41,-82.64,-29.35,0.07,0.03,0.87,-9.4,144.58,46.36,1
0.15,0.62,1.1,76.02,-84.38,-18.77,0.14,0.02,0.83,11.73,95.22,27.42,1
0.38,0.78,0.89,-27.31,-50.45,4.19,0.22,0.22,0.55,37.24,112.08,58.3,1
0.36,0.73,0.85,-53.22,5.72,12.54,0.21,0.04,0.56,-57.26,82.23,30.36,1
0.13,0.61,0.71,-199.84,123.28,54.06,-0.07,-0.21,0.5,-71.15,-153.21,-18.23,1
0.11,0.09,1.01,-114.56,85.12,-59.3,0.37,0.21,0.79,14.67,-167.17,36.75,1
0.36,0.13,0.99,-85.92,43.44,-121.31,0.4,0.08,0.55,59.72,-96.56,47.04,1
0.34,0.53,1.08,-25.22,-35.74,-100.1,0.38,0.12,0.39,45.73,36.17,46.75,1
0.51,0.74,1.1,-134.55,13.4,-84.82,0.33,0.2,0.08,17.47,-3.17,43.71,1
0.47,0.72,1.57,-203.09,25.92,69.16,0.46,0.09,-0.09,-53.93,14.1,34.62,1
0.34,0.59,1.23,100.12,-66.85,77.09,0.23,0.08,0.3,-85.33,45.88,25.62,1
0.16,0.38,1.32,267.9,-130.84,102.33,0.14,0.08,0.59,-81.9,26.27,33.31,1
0.32,0.77,1.33,134.85,-54.41,-14.95,0.28,0.19,0.75,-103.54,80.39,38.03,1
0.23,0.63,1.34,-199.14,105.4,-50.82,0.29,0.21,1.03,-42.85,77.62,15.07,1
-0.07,0.14,1.34,-184.92,29.18,34.09,-0.08,-0.03,1.01,-28.74,110.05,17.06,1
-0.09,-0.06,0.84,-142.91,29.89,4.02,0.12,-0.04,1.08,34.96,31.68,75.99,1
-0.21,0.18,0.71,25.32,-55.5,-52.05,0.61,0,1.07,54.99,11.19,124.46,1
0.16,0.2,0.72,89.56,-25.9,-62.81,0.57,-0.02,0.85,35.1,36.39,51.25,1
0.41,0.53,0.72,202.64,-126.45,-39.82,0.62,0.23,0.35,32.91,0.11,36.9,1
0.64,0.75,1.15,-29.96,-12.62,-104.19,0.27,0.08,0.24,22.42,-19.01,-11.87,1
0.48,0.95,0.94,-93.81,54.09,-127.9,0.17,0.09,-0.29,-57.66,27.27,-40.11,1
0.05,1.19,1.08,-196.09,133.59,102.22,0.08,0.1,0.33,-82.79,87.27,15.74,1
-0.43,0.04,1.46,-232.1,57.92,91.6,0.15,0.09,0.61,-98.94,64.47,66.24,1
-0.6,-0.24,1.06,-62.83,-88.88,164.94,0.23,0,0.51,-20.87,-26.56,59.78,1
-1.06,0.08,0.92,103.7,-184.54,39.54,0.32,0.05,0.8,4.18,54.83,33.08,1
-0.91,0.33,1.41,22.22,-192.64,-95.65,0.12,0.06,0.9,-0.72,68.29,37,1
-0.49,-0.02,1.62,-5.9,-60.45,-124.51,0.23,0.16,0.81,0.93,196.06,59.08,1
-0.02,0.22,1.43,212.49,-144.59,-39.51,0.23,0.03,0.86,-13.54,175.12,37.76,1
0.57,0.59,1.1,-104.29,55.4,-2.47,0.36,0.11,0.73,-36.66,116.09,74.74,1
0.29,0.23,1.08,-53.51,-129.72,44.77,0.24,0.12,0.74,-14.67,255.34,45.96,1
0.25,0.13,1.02,92.98,-201.52,101.06,0.06,0.06,0.88,-31.4,221.72,51.89,1
0,-0.17,0.98,209.56,-277.15,146.02,0.46,0.13,0.81,8.57,111.27,65.79,1
0.07,0.27,0.95,158.06,-277.15,-118.17,0.3,0.12,0.82,26.57,186.76,67.52,1
0.09,0.55,0.83,-58.23,-108.67,-125.22,0.19,0.1,0.85,-10.83,97.25,38.48,1
-0.41,-0.53,1.68,-232.1,-8.88,197.18,0.25,0.09,0.51,-26.13,51.34,32.62,1
-0.4,-0.02,0.59,267.9,-277.15,84.49,0.1,0.02,0.81,-21.23,154.65,19.98,1
0.27,0.43,1.37,-41.09,-58.33,-121.42,0,0.14,1.09,-17.85,117.39,28.67,1
0.44,0.54,1.49,-68.19,-46.66,-144.5,-0.11,0.02,0.79,-4.48,83.5,52.03,1
0.54,1.14,1.09,-90.72,-43.46,-107.51,0.12,0.05,0.91,-4.37,28.44,43.6,1
0.24,0.11,0.9,-232.1,93.23,120.29,0.03,0.26,0.69,-38.43,31.95,41.07,1
-0.09,-0.11,1.35,88.15,-149.74,91.17,0.09,0.08,0.69,14.35,0.7,26.87,1
-0.24,0.55,1.12,120.32,-210.88,-95.48,0.16,0.01,0.69,82.25,107.84,65.45,1
0.59,0.98,0.86,-36.2,-27.81,-151.89,0.17,-0.08,0.15,121.23,-17.88,45.53,1
0.79,1.14,1.26,-165.93,19.25,-26.74,0.47,-0.08,-0.24,0.05,36.84,41.44,1
0.36,0.87,1.35,44.55,-15.93,68.53,0.32,-0.04,0.03,-63.58,35.05,26.15,1
0.25,0.84,1.11,141.88,-24.06,43.07,0.22,0.27,0.25,-133.03,18.14,9.93,1
0.2,0.73,1.31,-232.1,18.46,28.42,-0.22,0.03,0.52,-145.88,-18.51,-6.29,1
0.14,0.22,1.36,-100.27,28.07,158.19,-0.05,0,0.67,-60.68,-65.88,-9.81,1
-0.39,0.17,1,120.55,-19.1,2.18,0.08,-0.05,0.96,-19.75,-57.33,-22.49,1
0.19,-0.14,1.07,-232.1,146.83,-175.96,0.08,0.02,1.09,22.99,-79.2,-24.21,1
-0.41,-0.4,0.79,-106.06,92.22,79.79,-0.01,0.02,1.05,12.22,14.39,19.21,1
-0.25,-0.04,0.8,148.13,-56.77,77.3,0.13,0.1,0.97,46.72,-50.69,-4.81,1
-0.15,0.31,0.83,167.83,-177.9,-129.57,0.48,0.21,0.72,36.45,10.28,11.68,1
0.73,0.54,1.02,-138.29,-45.49,-227.75,0.32,0.01,0.56,66.79,46.68,48.39,1
0.26,1.03,1.2,-4.95,-25.7,-126.47,0.31,-0.11,0.31,80.65,1.37,63.7,1
0.08,1.24,1.25,56.48,-74.7,-32.85,0.11,-0.07,-0.1,90.9,75.88,53,1
0.45,1.58,1.22,-23.46,-29.34,-37.49,0.44,-0.29,-0.24,18.3,91.51,48.39,1
0.5,1.49,1.07,-7.73,-52.01,137.82,0.46,-0.05,-0.27,-56.89,53.74,23.33,1
0.52,1.14,1.1,42.99,-13.41,0.06,0.29,0.01,0.04,-121.49,62.39,7.84,1
0.04,0.81,1.18,-27.31,18.74,56.84,0.18,0.05,0.39,-137.35,54.66,7.51,1
0.18,0.78,1.01,29.38,-48.42,50.7,0.22,-0.04,0.78,-127.62,59.02,14.61,1
0.22,0.42,1.14,-47.48,-53.15,-81.76,0.18,-0.03,0.99,-79.7,95.65,21.66,1
0.54,0.44,1.2,-64.43,-43.3,96.27,-0.1,-0.1,1.33,-64.13,66.19,15.34,1
0.46,0.07,0.96,33.56,-72.38,165.67,-0.06,-0.11,1.45,-17.27,75.62,30.72,1
-0.1,0.07,1.07,155.62,-91.23,158.9,-0.06,-0.02,1.49,17.58,57.05,40.63,1
-0.22,0.15,1.53,89.75,-258.3,-72,0.01,0.03,1.26,25.51,65.82,57.09,1
0.3,0.38,1.29,-31.64,-170.78,-134.5,0.13,-0.03,1.06,54.07,73.79,57.4,1
0.38,0.73,0.98,-122.45,-108.33,-144.44,0.35,-0.02,0.71,98.04,89.16,73.73,1
0.25,1.2,0.68,-25.49,-111.8,-83.37,0.34,-0.15,0.35,154.15,32.94,81.32,1
-0.06,1.46,0.63,-35.38,-82.36,-136.77,0.49,-0.07,-0.2,129.36,53.38,57.56,1
-0.46,1.9,0.73,-33.85,-32.93,-52.64,0.51,-0.38,-0.5,-1.2,74.26,43.25,1
-0.35,1.98,0.73,18.24,-10.19,62.38,0.49,-0.34,-0.4,-75.61,65.83,20.29,1
0.02,1.73,0.91,-9.33,7.92,96.15,0.42,-0.17,-0.06,-114.24,68.4,-5.26,1
0.39,1.12,1.16,-64.91,46.22,208.87,0.37,-0.02,0.27,-132.72,84.32,-11.22,1
0.26,0.5,1.19,-12.87,-27.83,235.69,0.21,-0.03,0.67,-105.8,66.64,3.78,1
-0.13,0.12,1.18,110.06,-89.81,121.13,0.18,0.09,0.92,-64.73,103.39,15.47,1
-0.11,0.5,1.32,164.91,-175.94,-58.5,0.05,0.05,1.09,-36.8,78.12,28.79,1
0.19,0.47,1.43,-29.56,-28.77,-118.61,0.05,0.03,1.12,-16.71,56.52,25.72,1
0.41,0.54,1.53,-124.46,-13.25,-60.17,0.1,0.03,1.13,-4.18,65.28,35.84,1
0.36,0.42,1.34,-57.85,-14.15,89.83,0.08,0.07,1.04,21.13,75,49.13,1
-0.08,0.27,1.2,45.6,-55.78,69.69,0.11,0.07,0.84,74.29,63.82,61,1
0.01,0.44,1.18,54.48,-69.37,-128.02,0.26,-0.08,0.33,106.46,24.22,59.8,1
0.34,0.53,1.14,-47.18,-8.94,-107.56,0.36,-0.05,-0.05,85.36,70.9,53.12,1
0.67,0.91,1.18,64.08,-97.04,-100.37,0.43,0.01,-0.3,-2.33,71.09,34.19,1
0.57,0.85,1.1,15.83,-14.37,55.89,0.36,0,-0.09,-80.79,68.7,9.14,1
0.46,0.42,1.11,-14.59,27.6,180.37,0.32,0.06,0.29,-132.77,70.05,-0.52,1
0,0.09,1.17,-22.03,15.1,244.39,0.21,-0.06,0.65,-115.83,87.2,14.05,1
-0.6,0.35,1.09,43.49,-42.44,149.41,0.05,0.12,0.96,-64.83,64.39,19.74,1
-1.18,0.28,1.18,12.7,-8.14,-113.21,0.03,0.08,1.06,-17.13,39.89,23.28,1
0.01,0.22,1.2,142.19,-118.36,-252.63,0.01,0.03,1.03,7.2,41.08,31.4,1
0.62,0.53,1.29,-42.37,-129.81,-201.89,-0.03,0.03,0.97,33.11,17.39,41.92,1
0.51,1.09,1.37,102.51,-113.49,-45.01,0.36,0.56,0.52,-6.57,70.95,11.47,1
0.47,0.55,0.91,131.19,81.63,47.46,0.47,0.2,0.41,-4.74,129.06,44.83,1
0.49,0.14,1,257.63,79.55,22.32,0.33,0.01,0.69,-28.34,193.16,35.54,1
0.43,0.45,1.1,166.07,97.6,14.74,-0.1,0.03,0.57,-59.83,201.44,-5.89,1
-0.15,0.36,1.59,100.48,54.33,166.74,0.23,0.09,0.78,-17.72,244.23,42.26,1
0.25,0.08,1.61,150.54,-67.45,247.37,0.37,0.39,0.71,1.36,315.16,107.88,1
0.09,0.63,1.57,-22.28,59.78,98.05,-0.03,0.19,1.1,-19.42,227.51,68.58,1
-0.07,0.16,1.36,-138.38,70.39,-128.78,0.29,0.23,1.02,-3.68,28.98,22.29,1
0.33,0.02,1.34,14.93,-39.61,-190.57,0.02,0.07,0.94,13,9.7,16.35,1
0.32,0.41,1.36,123.49,-40.76,-4.77,-0.09,0.48,0.7,-22.57,85.53,3.1,1
0.32,0.73,1,100.61,-1.71,87.49,0.21,0.14,0.7,-11.92,80.24,55.23,1
0.28,0.52,1.28,120.68,11.99,93.44,0.13,0.08,0.75,-17,77.94,39.14,1
0.19,0.49,1.33,-98.85,120.09,51.55,0.22,0.32,0.81,-53.4,74.25,38.7,1
0.15,0.28,1.24,9.85,-109.97,-134.15,0.17,0.11,0.84,-4.28,128.42,17.95,1
-0.19,0.07,1.52,69.82,-42.16,20.37,0,0,0.84,-12.75,102.91,22.96,1
0.09,0.14,1.62,245.95,-129.36,74.73,0.11,0.38,0.9,-33.26,116.54,25.7,1
0.09,0.51,1.21,149.8,-19.29,21.82,-0.09,0.13,0.8,-29.71,125.01,64.05,1
0.02,0.71,1.47,-97.92,81.89,-35.36,0.06,0,0.97,-10.98,61.11,49.84,1
0.07,0.26,1.61,-137.58,-4.72,-59.72,0.18,0.59,0.97,-35.25,62.64,57.82,1
0.3,0.26,1.3,-44.14,-68.76,-126.61,0.19,0.08,0.87,1.82,57.83,28.85,1
0.18,0.21,1.16,-155.98,62.67,-91.36,0.13,0.02,0.86,-22.91,114.04,28.49,1
0.22,-0.11,1.18,107.66,-102.42,51.5,0.15,-0.08,0.82,3.27,119.63,44.2,1
0.5,0.45,0.92,193.02,-90.08,120.73,0.08,-0.01,0.93,-6.38,165.22,67.41,1
0.49,0.51,0.86,267.9,-188.66,61.06,-0.01,0.24,0.94,-30.21,52.12,43.8,1
0.63,0.93,0.52,-14.41,-109.89,-32.93,0.17,0.2,0.68,30.21,-48.17,22.61,1
0.32,0.3,0.8,-179.64,-109.96,7.77,-0.06,0.04,0.62,-3.33,-73.98,18.95,1
0.37,0.76,0.7,-110.37,5.83,-51.01,0,0.35,0.76,2.74,-93.9,8.88,1
0.31,1.21,0.95,-171.4,91.25,-102.39,-0.04,0.07,0.83,8.86,-115.73,40.95,1
0,0.63,1.73,-232.1,135.25,-25.03,-0.02,0.24,0.62,-50.46,-77.38,23.56,1
-0.61,0.04,1.53,-155.37,21.19,-73.77,0.08,0.1,0.83,14.64,-128.67,3.17,1
-0.16,0,1.54,5.21,-104.73,-167.46,-0.04,0.1,0.86,18.33,-22.64,28.5,1
0.44,0.19,1.38,-16.14,-103.71,-122.67,0.09,0.24,0.53,15.33,62.42,46.67,1
0.38,0.76,1.18,115.81,-78.9,-29.21,0.27,0.16,0.59,-9.34,84.18,42.17,1
0.38,0.67,1.09,157.17,-38.08,-17.51,0.25,0.12,0.72,-27.82,86.37,28.34,1
0.68,0.83,0.99,103.7,43,-31.25,0.21,0.2,0.61,-49.86,69.53,11.3,1
0.19,0.94,1.01,-117.69,222.85,-30.92,0.16,0.11,0.88,-15.45,78.21,11.96,1
-0.47,0.54,1.59,-119.88,14.25,-31.56,-0.05,0.02,0.93,-19.89,72.88,42,1
-0.02,0.06,1.73,-20.66,-113.9,-134.17,-0.03,0.31,0.68,18.53,24.63,32.85,1
0.37,0.53,1.42,64.09,-134.03,-124.66,0.13,0.06,0.72,81.74,-14.9,76.42,1
0.43,0.92,0.98,36.41,-95.82,-106.9,0.34,0.2,0.48,70.54,30.7,56.56,1
0.48,1.35,0.77,-62.22,-47.13,-111.23,0.38,0.16,-0.12,48.33,94.3,45.94,1
0.55,1.65,1.01,91.52,-41.34,30.42,0.23,0.12,0.12,-40.15,35.25,23.48,1
0.11,1.04,0.68,51.36,213.97,50.89,0.22,-0.07,0.35,-99.88,53.62,10.92,1
0.02,1,1.83,-92.37,156.28,54.3,0.2,0.24,0.12,-27.9,76.54,-7.32,1
-0.33,0.62,1.95,-44.22,-32.11,95.8,0.13,0.09,0.65,-67.13,89.3,38.15,1
-0.16,0.43,1.8,-8.19,49.79,66.7,0.05,0.07,1.14,-82.74,16.36,29.96,1
-0.6,0.29,1.63,-34.01,33.84,-2.98,0.19,0.16,0.97,-38.98,26.16,19,1
-0.79,0.23,1.53,-20.57,9.86,-22.08,-0.07,-0.01,1.1,-31.21,70.4,9.03,1
-0.78,0.02,1.52,-31.25,-31.45,-116.8,-0.06,0.03,1.26,-28.08,63.16,0.53,1
-0.01,-0.37,1.59,175.84,-181.04,-172.91,0.01,0.06,1.26,1.54,136.88,67.52,1
0.46,0.51,1.41,164.01,-149.03,-56.17,0.05,-0.02,1.18,-12.97,71.45,61.97,1
0.07,0.79,0.85,37.41,158.47,-35.43,0.13,0.17,1.17,40.39,-43.82,13.77,1
0.06,0.31,1.3,-232.1,132.98,-51.21,0.18,-0.04,1.02,24.45,61.84,16.05,1
-0.23,-0.28,1.36,-35.21,-25.57,-228.21,0.02,0.1,1.18,3.64,112.64,42.05,1
0.43,0.51,1.27,237.5,-76.43,-146.87,0.18,0.17,0.8,-1.13,135.99,52.83,1
0.25,0.84,0.96,255.4,8.14,-12.86,0.08,0.04,0.86,-14.69,56.51,41.53,1
0.73,0.44,0.8,62.18,-83.68,227.92,0.31,0.17,0.77,-3.45,231.06,63.72,1
-0.1,0.2,0.72,153.36,-248.02,84.44,0.51,0.32,0.71,36.1,315.16,64.43,1
0.05,0.25,0.71,186.95,-202.98,-195.31,0.36,0.05,0.92,-13.7,299.29,51.07,1
0.43,0.99,0.86,220.11,-36.08,-169.71,-0.02,0.02,0.72,-21.15,203.6,45.69,1
0.37,0.98,1.11,4.77,38.6,77.48,-0.06,0,0.77,0.93,79.96,17.52,1
0.59,0.58,1.09,-33.67,-29.53,247.37,0.22,0.09,1.18,-16.76,29.9,27.76,1
0.59,0.58,1.09,-26.27,-5.01,134.35,-0.13,0.07,0.9,-22.06,-22.96,46.93,1
-0.2,0.25,0.94,-34.64,10.16,-111.74,0.31,-0.11,0.78,24.82,-83.3,43.72,1
0.45,0.2,0.94,-5.25,35.27,-227.66,0.02,-0.12,0.73,8.59,8.45,54.43,1
0.49,0.83,1.17,74.65,24.35,-113.27,0.34,0.04,0.75,-8.78,152.25,-9.3,1
0.14,1.01,1.32,125.4,28.44,-18.46,-0.1,0.2,0.69,-24.14,169.16,6.65,1
0.63,1.02,1.08,62.3,51.28,197.84,0.04,0.03,0.83,-17.09,114.07,54.23,1
0.27,0.38,1,-61.96,-0.21,156.76,0.09,0.15,0.91,2.89,29.91,46.85,1
0.1,0.39,1.09,-26.45,-48.85,-166.74,0.42,0.26,0.39,54.83,48.96,64.95,1
0.6,0.56,1.12,4.8,-8.8,-249.28,0.34,0.23,0.53,13.25,77.07,8.05,1
0.35,1.1,1.17,62.15,-8.84,-41.66,0.1,0.27,0.13,-45.51,-11.75,-28.66,1
0.34,0.9,1.07,11.96,-33.05,205.44,0.16,0.01,0.71,-120.67,120.23,32.77,1
0.34,0.28,1.01,-22.15,-9.31,204.97,0.19,0.06,1.13,-27.75,29,15.51,1
0.07,0.19,0.97,-13.61,72.87,-30.32,0.36,0.35,0.93,-24.14,-67.95,44.73,1
0.6,0.32,0.61,-232.1,173.67,-252.63,0.11,0.07,0.75,26.23,-170.61,-37.32,1
0.47,0.79,0.95,-52.77,5.23,-116.56,0.02,0.08,0.82,4.28,-97.21,-18.14,1
0.27,0.73,1.48,54.38,-62,9.74,-0.01,-0.05,0.9,-13.82,-57.9,-18.17,1
0.48,0.53,1.01,-170.02,20.35,217.83,0.32,0.01,0.9,32.96,-32.14,46.07,1
-0.3,0.2,1.14,-21.5,-8.9,9.73,0.33,0.21,0.59,66.03,26.73,36.47,1
0.55,0.55,1.18,50.05,-8.8,-252.63,0.21,0.12,0.2,-10.66,88.78,28.08,1
0.23,0.98,1.23,48.28,-30.34,-61.37,0.19,0.13,0.41,-78.55,60.52,4.07,1
0.33,1.02,1.4,-36.33,5.62,45.9,0.06,0.08,0.73,-65.36,98.82,19.73,1
0.43,0.42,1.22,-68.43,-33.72,247.37,0.18,0.06,0.93,-49.89,39.7,13.02,1
-0.12,0.21,1.1,-20.51,-34.81,167.34,0.03,0.18,1.01,1.46,56.66,24.68,1
-0.23,0.06,0.97,-35.07,27.96,-110.51,0.05,0.16,0.95,24.02,-54.08,37.62,1
0.69,0.34,0.97,9.69,68.24,-252.63,0.31,0.11,0.74,-3.85,80.92,27.26,1
0.24,0.69,1.14,25.77,-34,-32.49,0.1,-0.03,1.03,5.85,120.9,13.33,1
0.36,0.38,1.41,-32.31,-26.76,135.57,-0.08,0.32,1.24,-22.24,43.69,0.44,1
0.49,0.54,1.15,130.27,-51.69,200.28,0.06,0.29,0.78,29.53,138.16,50.87,1
0.19,0.6,1.09,56.2,-104.06,-119.88,0.25,0.12,0.69,3.24,80.24,30.51,1
0.54,0.72,1.34,-18.66,-9.51,-75.48,0.28,0.25,0.47,-37.55,125.28,28.86,1
0.3,0.71,1.36,10.99,25.14,44.68,-0.04,0.04,0.88,-43.94,108.36,7.39,1
0.74,0.73,1.01,80.97,-31.72,26.68,0.41,0.3,0.63,-16.47,183.01,58.49,1
0.4,0.59,1.05,146.34,-103.99,116.47,0.17,0.04,0.9,-14.79,152.49,54.76,1
0.22,0.7,1.25,128.97,-126.29,8.38,0.38,0.19,0.86,-4.34,77.01,63.36,1
0.34,0.09,1.08,267.9,-117.42,-28.02,0.12,0,0.77,-9.31,311.72,45.34,1
0.44,0.18,0.82,221.66,-1.2,32.42,0.39,0.5,0.37,-8.22,298.49,30.62,1
0.54,0.52,0.59,255.12,-10.6,91.43,0.23,-0.21,0.58,-3.9,315.16,60.17,1
0.56,0.47,0.85,15.38,43.78,193.54,0.2,0.71,0.53,-46.13,167.64,87.72,1
-0.07,0.18,1.15,-94.6,12.2,40.04,0.02,-0.11,0.64,2.67,130.11,27.7,1
0.42,0.22,1.34,116.67,-25.7,-178.97,0.09,0.26,0.81,-42.76,102.75,8.67,1
0.24,1.01,1.15,91.95,-47.75,-37.21,-0.01,-0.05,0.81,-25.49,-33.39,38.74,1
0.33,0.72,1.11,-35.7,-1,37.27,0.13,0.29,1.06,-47.7,-65.57,7.96,1
0.59,0.8,1.06,2.61,-80.4,-43.05,0.11,0.35,0.64,33.95,-121.9,-20.23,1
0.19,0.36,1.32,-232.1,-7.81,-49.47,0.13,-0.05,0.88,20.55,-29.3,-3.91,1
0.39,0.29,1.51,-165.99,27.7,-8.65,0.13,0.29,0.35,-25.06,-9.28,-7.12,1
0.26,0.31,1.33,-53.44,-42.45,105.88,0.07,-0.04,0.85,-22.83,15.28,55.08,1
0.26,0.44,1.02,46,-62.04,57.91,0.37,0.2,0.88,-30.07,37.97,39.64,1
0.35,0.24,1.22,-1.92,-16.4,-92.26,0.33,0.26,0.81,-5.67,38.31,11.32,1
0.14,0.2,1.35,88.19,-8.7,-44.42,0.04,-0.09,0.87,-9.69,135.98,3.65,1
0.35,0.29,1.31,210.74,-82.44,67.66,0.16,0.81,0.75,5.3,178.93,1.96,1
-0.04,0.52,1.09,80.23,-67.45,101.28,0.1,-0.01,0.75,-23.28,207.88,89.8,1
0.2,0.29,0.9,-38.69,23.76,111.58,0.17,0.04,0.97,-22.8,86.22,63.31,1
0.04,0,1.19,-139.96,74.92,-8.94,0.14,-0.02,0.87,8.16,-0.96,36.53,1
0.32,0.16,0.99,49.1,-5,-167.73,0.19,0,0.89,-4.89,46.23,6.94,1
0,0.02,1.17,54.51,-73.46,-88.73,0.13,0.19,1.03,-36,113.58,9.91,1
0.31,0.44,0.97,194.23,-16.96,54.69,0.04,0.01,0.72,-26.69,164.71,68.98,1
0.24,0.29,0.74,205.21,6.51,-24.74,0.23,-0.01,1,-21.88,77.95,45.55,1
0.82,0.28,1.16,-232.1,17.52,135.02,0.31,0.18,0.64,-32.18,106.71,64.37,1
-0.33,0.01,1.2,-12.91,2.04,136.02,0.14,-0.06,0.91,-17.55,98.34,13.98,1
-0.86,0.19,0.98,42.12,52.52,120.45,-0.02,0.03,1.04,-21.34,89.33,30.97,1
-0.97,-0.26,0.97,-53.78,9.76,-4.24,0.04,0.07,0.89,7.15,70.24,16.21,1
-0.67,0.24,0.93,56.81,-277.15,-44.89,0.06,0.04,0.89,13.26,-48.19,19.39,1
0,0.11,1.08,85.9,48.37,-215.07,0.09,0.26,0.77,51.8,-108.27,3.47,1
0.43,-0.01,1.51,-91.74,52.25,-185.18,-0.14,0.21,0.55,20.4,-137.34,13.63,1
0.02,0.37,1.56,-36.34,175.46,-114.37,0.03,0.22,0.71,-2.92,-70.25,22.89,1
-0.66,0.52,0.99,-119.66,189.25,-31.46,-0.14,0.06,0.59,4.82,-44.71,34.57,1
-1.18,0.31,2.02,-3.18,41.96,-104.61,0.26,0.29,0.48,-15.73,-47.33,17.67,1
-0.58,0.15,1.71,103.47,-20.16,-210.4,0.16,0.07,0.85,-13.45,27.58,44.4,1
-0.16,0.51,1.71,48.72,-47.79,-153.47,0.29,0.09,0.87,-11.35,80.87,39.02,1
0.27,0.76,1.69,-6.38,-104.68,-40.43,0.2,0.43,0.82,-47.64,99.97,51.92,1
-0.09,0.29,1.39,-141.6,-115.59,-45.47,0.12,0.21,0.7,4.4,63.08,23.46,1
-0.05,-0.02,1.59,101.4,-142.19,26.75,0.15,0.02,0.74,-12.27,53.62,29.3,1
0.4,0.43,1.11,168.84,-70.22,-7.39,0.04,0.22,1.14,18.66,48.56,40.04,1
0.57,0.93,1.07,176.47,-129.97,-30.18,0.14,0.25,0.58,-2.58,2.93,27.05,1
0.27,0.79,1.01,-120.94,94.33,-17.68,0.15,0.15,0.56,-45.98,47.14,34.2,1
-0.04,0.31,1.38,-121.62,62.98,83.75,0.01,0.31,0.83,-103.88,52.07,27.12,1
-0.01,0.13,1.41,-41.89,-18.4,23.86,-0.01,0.01,1.2,-40.11,84.56,11.07,1
-0.34,-0.03,1.33,39.79,-23.13,25.43,-0.14,-0.13,1.29,-24.13,81.63,26.93,1
-0.14,0.04,1.25,93.89,-55.47,-22.88,-0.1,0.11,1.19,40.61,59.36,60.33,1
0.19,0.28,1.12,-42.28,-67.58,-95.66,0.12,-0.05,0.99,32.66,-16.94,50.68,1
0.23,0.34,1.14,38.43,-66.72,-109.64,0.12,0.16,1.26,-0.28,6.01,33.23,1
0.54,0.61,1.1,20.18,-100.12,-62.76,0.4,0.33,0.73,21.49,36.32,25.93,1
0.37,0.79,1.06,6.96,-70.92,-78.02,0.2,0.05,0.71,36.87,101.85,22.61,1
0.3,0.97,0.99,-3.97,-16.85,-33.85,0,0.17,0.81,-3.12,69.44,19.96,1
0.55,0.94,1.07,-82.43,108.62,90.09,0.16,0.24,0.72,-21.86,89.79,21.23,1
0.15,0.57,1.26,-29.03,24.27,160.15,0.16,0.05,0.83,-64.02,93.83,41.46,1
0.04,0.17,1.26,-32.19,-14.98,51.76,0.25,0.09,0.71,-48.25,101.33,57.07,1
0.11,0.34,1.27,9.78,-99.37,-86.25,0.21,0,0.86,-1.01,96.91,7.71,1
0.29,0.4,1.36,70.73,-51.46,-141.64,0.04,0.1,1.03,-24.92,96.15,27.81,1
0.61,0.92,1.31,193.87,-59.34,0.21,0.09,0.08,0.85,-6.19,129.29,19.99,1
0.25,0.93,1.05,9.05,50.61,-4.3,0.14,-0.01,0.94,-5.68,17.65,40.08,1
0.41,0.38,1.16,-232.1,88.86,58.43,0.1,0.36,0.54,-23.99,-13.23,37.11,1
-0.01,0.22,1.32,-26.22,28.4,-44.19,0.1,-0.03,0.89,20.93,-66.44,-1.67,1
0.02,-0.05,1.14,-104.66,119.61,-14.54,0.16,0.39,0.57,-11.61,-8.04,-8.57,1
0.05,0.24,1.21,-37.9,37.91,-16.85,0.01,0.1,0.83,-0.02,-103.9,22.23,1
0.26,0.48,0.9,0.68,-2.05,-111.52,0.39,0.09,0.78,-3.74,-73.59,18.97,1
0.34,0.24,1.16,-178.64,52.29,-107.51,-0.03,0.34,0.81,10.48,-138.2,0.13,1
0.11,0.34,1.25,-8.84,-9.75,-51.07,-0.07,0.09,0.86,-10.21,2.56,-3.47,1
0.56,0.78,1.44,27.67,-51.83,-47.39,0.32,0.11,0.63,-21.9,65.9,30.28,1
0.26,0.76,1.25,67.43,-4.9,18.36,0.02,0,0.78,2.23,98.56,77.06,1
0.54,0.64,0.97,-59.09,-10.04,126.29,0.06,0.17,1.15,-48.17,20.75,34.03,1
0.29,0.36,1.17,-89.04,44.48,91.99,0.28,0.07,0.86,-0.45,11.01,23.73,1
-0.18,0.19,1.04,-22.56,15.41,-103.31,0.01,-0.08,0.97,1.73,101.15,19.01,1
0.37,0.16,1.12,55.21,-51.09,-148.39,0.28,0.55,1.02,10.31,149.13,47.13,1
0.51,0.87,1.15,144.61,-6.43,-0.58,0.05,0.16,0.64,8.21,84.85,42.88,1
0.1,0.9,1.04,67.46,-29.73,-10.6,0.27,0.38,0.61,29.36,103.72,56.56,1
0.46,1.27,1.16,55.04,-66.2,-72.34,0.45,0.32,0.09,68.23,87.47,70.53,1
0.25,1.14,1.09,11.58,-47.83,-49.53,0.31,0.04,0.52,-40.44,90.3,34.1,1
0.52,1.73,0.5,43.32,-50.4,-17.02,0.75,0.26,0.18,15.93,18.8,36.04,1
0.24,1.23,0.86,13.54,-2.76,28.52,0.3,-0.06,0.46,-77.86,115.15,-6.73,1
0.45,1,0.89,33.67,4.45,71.67,0.26,0.13,0.56,-27.99,70.24,4.97,1
0.31,0.8,1.29,186.98,-15.24,110.6,0.11,0.13,0.83,-38.98,161.84,14.43,1
0.42,0.62,1.17,55.71,63.53,36.71,0.11,0.34,0.75,-13.01,115.22,39.45,1
0.26,0.63,1.33,-84.34,75.41,35.51,0,-0.02,0.92,-34.18,42.3,45.08,1
0.14,0.4,1.34,-39.16,29.16,16.41,0.18,0.42,1.03,-34.11,59.01,71.76,1
0.51,0.44,1.41,-64.74,-5.5,-97.34,0.29,-0.04,0.74,21.04,56.02,27.86,1
0.49,0.8,1.3,-5.34,19.74,65.96,0.15,-0.16,0.97,24.69,-49.25,37.99,1
0.27,0.48,0.91,-92.03,50.86,64.28,-0.1,0.86,0.59,-29.75,-45.26,49.74,1
0.52,0.59,1.34,13.87,-39.8,-222.47,0.12,0,0.76,25.09,-36.62,10.37,1
0.27,0.65,1.44,-28.37,14.74,-94.24,-0.05,0.14,0.76,15.53,56.54,28.68,1
0.47,1.33,1.44,-21.54,2.61,93.24,0.23,0.47,0.18,10.8,37.07,3.4,1
0.19,0.83,1.41,27.77,1.65,175.42,0.09,0.08,0.69,-68.18,78.69,37.66,1
0.22,0.51,1.11,-43.92,-13.12,25.61,-0.05,0.43,0.41,-66.23,-61.32,31.75,1
0.32,0.21,1.26,-86.31,-30.24,-155.53,0.32,0.04,0.81,2.39,31.37,1.86,1
0.3,0.31,1.29,18.74,-13.92,-112.2,-0.11,0.08,1.03,-31.36,84.95,39.47,1
0.34,1.01,1.26,221.95,-64.34,76.1,-0.14,0.11,0.78,-3.31,65.67,57.21,1
0.47,0.8,1.01,-144.18,90.58,93.25,0.25,0.15,0.97,-10.3,0.72,36.63,1
0.09,0.27,1.31,-103.59,27.74,24.42,0.08,0.21,0.69,12.94,-50.8,15.41,1
-0.11,0.23,1.28,-23.41,18.55,-63.1,0.04,0.08,0.85,12.32,-1.64,7.2,1
0.25,0.35,1.39,68.33,-86.19,-154.99,0.13,0.32,0.71,-24.31,83.46,18.49,1
0.27,1.01,1.03,55.2,-24.39,-19.5,0.13,0.03,0.75,-16.06,53.47,34.19,1
0.6,0.66,1.25,-174.62,16.73,79.42,0.05,0.5,0.62,-55.49,-22.23,22.51,1
0.27,0.56,1.22,-56.59,13.53,145.83,0.29,0.02,0.83,19.68,-9.96,2.66,1
-0.41,0.15,1.33,-7.92,-6.02,-174.21,0.16,0.22,0.99,-35.42,113.88,30.38,1
0.54,0.54,1.12,207.88,-53.23,-123.71,0.1,0.3,0.85,-9.51,191.04,44.26,1
-0.58,0.94,-0.27,17.9,-27.15,-150.24,0.13,0.01,0.87,-21,89.6,48.9,1
0.55,0.3,1.09,-36.27,4.1,60.08,0.38,0.69,0.68,-73.4,18.57,57.42,1
0.2,0.52,1.24,-22.66,-4.14,-222.5,0.24,-0.14,0.78,31.92,-4.93,3.17,1
0.26,0.75,1.38,-82.47,4.85,-148.68,-0.08,0,1.07,-73.82,73.16,48.4,1
0.55,0.86,1.31,48.57,-58.53,193.27,-0.12,0.03,1.02,-15.29,46.23,48.29,1
0.07,0.41,1.1,-66.28,-0.88,171.91,0.34,0.07,1.04,-28.71,-15.65,44,1
0.08,0.12,1.09,25.45,33.58,-237.7,0.35,0.29,0.88,56.35,-24.8,0.98,1
0.6,0.54,1.17,5.86,38.8,-205.67,0.17,-0.04,0.76,72.28,97.66,31.13,1
0.13,1.35,1.19,93.91,-7.82,-92.87,0.08,0.22,0.29,14.15,14.53,-2.12,1
0.13,1,1.33,-102.42,-2.69,164.08,0.12,0.13,0.62,-52.77,-1.33,40.79,1
0.26,0.37,1.35,-67.77,-26.68,202.61,0.04,0.17,1.09,-97.01,57.47,34.5,1
-0.24,0.31,1.16,-38.62,-33.71,-3.66,0.02,-0.19,0.9,-23.41,21.16,5.7,1
0.42,0.08,1.11,4.11,7.03,-189.87,-0.13,0.15,0.66,24,71.88,-2.88,1
0.45,0.72,1.08,154.59,-57.38,-91.17,0.06,0.04,1.01,8.86,-18.14,46.12,1
0.22,0.7,1.17,-53.94,-47.45,-32.63,0.27,0.13,1.09,-11.18,1.24,32.68,1
0.64,0.84,1.27,-167.41,55.56,119.06,0.38,0.2,0.78,14.45,-95.2,10.5,1
-0.15,0.43,1.15,-31.57,36.47,140.91,0.11,0.03,0.81,4.79,21.85,13.58,1
-0.02,-0.18,1.21,-11.34,-27.59,-31.32,0.04,0.37,0.95,-27.27,102.83,20.36,1
0.06,0.4,1.2,77.36,-42.6,-18.65,0.11,0.03,0.59,44.22,58.21,50.48,1
0.36,0.5,1.16,40.05,-21.73,-122.59,0.14,0.13,0.6,-15.94,11.68,23.31,1
0.58,0.95,1.34,-31.71,-47.79,-159.3,-0.12,0.34,-0.01,-3.87,-60.45,43.84,1
0.16,0.84,1.32,-101.72,2.56,9.05,0.05,0.06,0.71,-73.55,35.39,24.92,1
0.44,0.32,1.5,-36.44,-15.78,112.01,0.14,0.39,0.36,-67.05,85.78,14.76,1
0.29,0.41,1.26,46.78,-63.48,165.12,0.06,0.03,0.93,-44.84,70.49,71.98,1
-0.01,0.51,1.15,-2.6,-27.03,57.36,0.12,0.04,1.21,-27.45,34.74,32.62,1
0.12,-0.03,1.09,-13.45,-7.87,-111.41,0.37,0.13,1.09,28.21,71.08,27.36,1
0.26,0.44,1.06,54.94,-33,-137.3,0.21,-0.03,0.87,46.25,114.68,50.42,1
0.72,0.92,1.01,156.71,-99.1,-93.26,0.28,0.18,0.59,26.71,55.09,65.16,1
0.2,1.12,0.68,2.09,-28.28,-54.59,0.37,0.15,0.47,11.83,70.95,27.05,1
0.34,1.01,0.81,31.21,22.42,59.07,0.29,0.25,0.78,-61.45,84.18,-7.32,1
0.6,0.92,0.97,57.78,15.17,72.97,0.19,0.02,0.75,-39.21,90.74,14.37,1
0.14,0.39,1.33,46.24,11.85,102.67,0.35,-0.16,0.85,-61.42,229.36,60.62,1
0.69,-0.04,0.89,240.92,-58.25,85.6,0.34,0.21,0.63,9.73,287.02,52.98,1
0.21,0.23,0.46,267.9,-170.47,167.53,0.2,-0.08,0.72,-11.36,294.14,73.04,1
0.42,0.09,0.82,184.61,-125.65,142.56,0.27,0.53,0.6,-25.01,264.93,76.12,1
0.12,0.2,1.04,-71.79,14.27,120.65,0.02,0.13,0.76,-24.19,237.11,44.96,1
-0.19,0.09,1.17,-19.66,-41.15,46.55,0.13,0.2,0.91,-12.5,82.34,31.73,1
-0.12,0.01,1.06,29.1,-41.98,-100.74,0.36,-0.13,0.7,-5.51,78.97,49.79,1
0.43,0.44,1.15,45.96,-47.77,-183.1,0.06,0.08,0.81,-1.14,14.51,44.4,1
0.38,0.77,1.11,20.57,-35.74,-103.42,0.2,0.11,0.99,-20.84,29.88,27.37,1
0.46,1.06,1.33,-59.31,-7.21,91.88,0.17,0.06,0.82,-23.78,19.13,11.76,1
0.28,0.39,1.16,-87.64,16.06,198.47,0.05,0.01,0.9,-21.67,49.73,9.68,1
-0.21,0.05,1.14,-26.44,-22.78,-4.88,0.29,0.42,0.98,9.22,85.47,31.15,1
0.39,0.46,1.21,96.01,-53.54,-200.26,-0.04,0.09,0.84,-27.98,100.61,48.43,1
0.36,0.84,1.16,119.08,-54.94,-112.92,0.09,0.03,0.84,-8.24,67.43,36.64,1
0.52,0.96,1.31,-13.57,-4.61,-6.39,-0.07,0.29,1.25,-64.35,61.69,46.27,1
0.46,1.02,1.18,-76.16,29.25,131.53,0.15,0.12,0.72,2.69,-4.87,27.32,1
-0.01,0.31,1.25,-87.53,-4.32,151.83,0.1,-0.1,1,17.56,33.33,22.44,1
-0.13,0.12,1.19,10.03,-43.37,-33.83,0.08,0.07,0.89,42.48,46.87,43.43,1
0.28,0.37,1.17,84.91,-48.1,-194.74,0.45,0.25,0.26,67.27,71.6,20.81,1
0.47,0.96,1.13,24.14,-14.18,-104.05,0.15,0.15,0.48,6.65,74.71,16.71,1
0.4,1.22,1.08,93.28,-44.49,-38.32,-0.02,0.22,0.83,-68.29,113.4,22.47,1
0.32,1.19,0.96,-48.63,-1.13,57.11,0.22,0.34,0.57,-64.19,62.56,23.25,1
0.33,0.71,1.11,-46.17,-46.48,100.66,0.06,0.07,0.81,-54.24,88.49,25.42,1
0.39,0.15,1.19,-34.37,-9.67,90.03,0.24,-0.15,0.87,-21.38,92.61,28.48,1
0.14,0.16,1.05,66.32,-28.89,72.42,0.09,-0.01,1.01,-18.22,56.72,46.91,1
0.09,0.3,1.02,42.81,-14.26,-65.41,0.07,0.14,1.1,-9.03,1.08,22.08,1
0.39,0.45,0.96,-83.33,-23.16,-142.57,0.12,0.12,0.96,4.55,-43.78,19.1,1
0.68,1.09,0.97,17.85,-69.26,-204.5,-0.03,0.16,0.56,15.97,-184.83,-12.01,1
0.41,0.88,0.97,-167.08,19.68,-29.98,0.15,0.23,0.62,-14.17,-87.63,-13.08,1
0.11,0.29,1.06,-232.1,134.65,87.87,0.37,0.29,0.79,-12.81,-59.46,10.09,1
-0.37,-0.05,1.38,-110.19,46.62,51.81,0.2,0.2,0.9,-10.73,-46.97,27.18,1
-0.44,0.04,1.17,1.16,-32.56,-45.47,0.17,0.01,0.89,-6.81,-10.74,35.3,1
0.11,0.07,1.06,15.58,-33.7,-117.38,0.19,0.39,0.66,-44.39,40.57,33.49,1
0.3,0.41,1.11,2.68,-22.76,-127.24,0.15,0.08,0.93,-9.36,122.03,5.29,1
0.38,0.79,1.26,32.1,-14.27,-55.45,0,0.12,1.01,-18.76,111.83,19.35,1
0.42,0.97,1.28,68.49,-8.45,18.08,0.11,0.17,0.55,32.46,158.88,43.11,1
0.31,0.87,1.08,-29.18,34.52,77.38,0.1,0.09,0.71,41.57,52.41,63.47,1
0.23,0.66,1.3,38.65,-1,60,0.16,0.08,0.59,56.5,54.52,52.19,1
0.25,0.85,1.39,51.82,-89.2,-82.66,0.37,0.02,0.1,47.07,66.35,60.32,1
0.56,1.22,1.33,44.39,-76.16,-168.43,0.22,-0.03,0.18,13.09,60.17,28.84,1
0.13,1.05,1.22,4.95,-29.75,2.43,0.17,0.11,0.31,-71.46,74.47,25.57,1
0.9,1.11,1.1,-33.05,7.7,149.88,0.44,0.46,-0.07,-44.59,119.89,28.17,1
0.31,0.66,1.09,46.18,-60.78,154.02,0.2,0.03,0.51,-74,74.94,27.41,1
-0.02,0.28,1.06,2.98,0.91,95.69,0.23,0.59,0.46,-103.72,60.33,56.97,1
0.17,0.31,1.05,40.29,-56.7,-124.27,0.04,-0.04,1.01,-29.58,133.96,20.17,1
0.28,0.46,1.18,65.56,-55.79,-139.92,-0.15,-0.06,1.21,-40.07,124.37,16.08,1
0.49,0.86,1.2,34.19,-24.25,-16.37,0.24,0.26,0.88,11.56,131.89,38.58,1
0.4,0.9,0.99,0.98,-31.3,50.44,0.05,0.07,1.03,14.99,23.35,66.1,1
0.27,0.49,0.92,-33.63,0.75,90.18,0.11,0.02,1.22,-29.04,10.32,22.18,1
0.13,0.47,1.07,-45.99,-7.44,5.08,0.12,0.21,0.84,-3.61,60.39,77.14,1
0.54,0.71,1.02,59.31,-59.7,-115.51,0.04,-0.05,0.98,25.78,86.82,30.24,1
0.43,0.76,1.14,37.91,-12.76,-121.71,0.21,0.12,0.96,-4.06,100.5,16.13,1
0.43,1.12,1.11,68.24,13.23,54.44,0.25,0.34,0.43,45.77,131.42,42.07,1
0.31,0.96,0.88,117.31,-12.76,26.98,0.27,-0.02,0.41,130.13,102.16,36.2,1
0.51,0.85,1,59.52,-12.62,75.57,0.28,0.17,0.25,-22.38,117.87,-8.58,1
0.45,0.64,1.05,128.71,-95.44,45.13,0.35,0.09,0.26,-25.27,160.07,2.21,1
0.21,0.43,0.97,190.11,-104.12,24.17,0.35,0.01,0.42,-27.86,283.27,21.71,1
0.42,0.48,0.6,204.82,-67.7,-9.47,0.62,0.08,0.65,-4.91,248.3,19.7,1
0.29,0.43,0.73,145.18,-45.11,51.5,0.39,0.1,0.8,-21.82,178.38,18.27,1
0.47,0.46,0.87,48.86,-31.69,75.9,0.5,0.21,0.71,-46.4,141.98,61.58,1
0.39,0.67,1.29,32.94,-49.54,-49.97,0.15,0.17,0.81,-12.25,136.64,7.78,1
0.33,0.69,1.32,55.88,-25.35,-96.31,0.04,0.06,0.91,-7.43,88.52,14.78,1
0.5,0.98,1.39,181.87,-74.01,9.21,-0.09,0.11,1.03,-31.04,92.7,16.19,1
0.34,0.93,1.15,49.37,1.59,45.18,0.19,0.2,0.63,10.56,82.76,34.15,1
0.33,0.81,1.11,7.89,46.14,30.31,0.11,0.03,0.85,8.2,4.54,48.55,1
0.25,0.6,1.12,-129.04,81.73,20.68,0.2,0.18,0.94,-11.39,38.14,45.17,1
0.24,0.26,1.4,-110,-9.48,-84.29,0.01,-0.03,0.74,1.76,13.15,30.15,1
0.38,0.52,1.28,-16,-44.52,-146.33,0.14,0.04,0.83,-17.32,84.63,-2.76,1
0.21,0.79,1.32,96.22,-20.7,-22.47,-0.08,0,1.05,-29.8,99.05,34.87,1
0.36,0.94,1.25,-29.6,-7.95,105.11,0.05,0.21,0.82,-20.29,76.4,36.35,1
0.34,0.67,1.21,-55.75,-0.94,130.32,0.17,0.01,0.99,5.55,12.79,55.55,1
0.18,0.44,1.04,-13.55,-40.48,-72.25,0.26,0.07,1.07,-11.12,-5.04,53.08,1
0.51,0.77,1.04,-26.16,-32.47,-114.34,0.41,0.2,0.91,-3,-30.69,5.26,1
0.36,0.69,1.28,33.75,-3.59,-16.11,0.01,0.03,0.89,-9.92,72.92,4.85,1
0.49,0.94,1.22,57.23,20.48,43.56,0.28,-0.08,0.91,18.3,123.06,31.78,1
0.38,0.76,1.22,133.41,-22.89,50.74,0.09,0.04,0.91,-10.05,71.15,71.64,1
0.4,0.95,1.08,100.16,-18.68,56.02,0.15,0.14,1.05,-15.5,35.43,33.09,1
0.3,0.67,1.1,-232.1,77.62,1.25,0.24,0.22,0.69,1.71,-1.4,37.65,1
0.07,0.28,1.27,-51.39,-34.12,-42.62,0.1,-0.03,0.91,-4.7,105.66,16.42,1
0.16,0.29,1.26,27.92,-29.49,-61.82,-0.06,0.2,1.01,-33.96,76.48,16.01,1
0.44,0.57,1.25,144.35,-52.51,-43.58,0.09,0.26,0.59,-1.07,182.77,37.03,1
0.33,1.06,0.99,143.43,-41.29,14.75,0.07,-0.02,0.89,10.89,86.58,65.55,1
0.49,0.95,0.95,-7.56,-30.29,-16.71,0.03,0.25,0.86,5.04,40.38,42.49,1
0.23,0.6,1.31,-123.91,46.96,77.84,0.07,0.02,0.66,-12.02,-12.53,12.66,1
0.15,0.44,1.36,90.95,-138.46,-32.46,0.16,0.38,0.79,-22.16,21.31,20.05,1
0.11,0.45,0.78,-30.08,-32.87,18.01,0.08,0.06,0.72,14.21,-85.56,24.01,1
0.45,0.29,0.9,-116.26,33.04,-24.02,0.01,0.35,0.71,11.01,-105.44,-2.93,1
0.32,0.5,0.98,-130.42,-46.5,-8.42,0.04,0.08,0.73,14.68,-116.96,23.26,1
0.35,0.52,1,-127.17,16.08,24.02,-0.03,0.16,0.77,-8.73,-75.84,17.39,1
0.43,0.61,1.04,-88.01,18.58,4.95,-0.14,0.01,0.88,-7.08,-49.67,7.09,1
0.24,0.59,0.99,-29.76,-12.47,4.86,0.34,0.4,0.67,2.74,19.43,32.41,1
0.33,0.55,0.89,30.71,-70.89,8.83,0.09,0.11,0.76,-1.67,93.7,56.66,1
0.34,0.51,0.76,32.29,-35.24,-6.81,0.23,0.12,0.92,11.45,111,53.12,1
0.45,0.52,0.82,-63.81,122.31,-33.08,0.22,0.29,0.68,-17.98,62.58,31,1
0.32,0.71,1.17,-165.76,78.01,-24,0.29,0.14,0.74,-18.63,67.48,15.16,1
0.29,0.59,1.32,-9.97,-40.53,-38.44,0.04,-0.02,0.87,-18.23,89.61,24.85,1
